l_spanish:
 brittany_area:0 "Bretaña"
 normandy_area:0 "Normandía"
 provence_area:0 "Provenza"
 guyenne_area:0 "Guyena"
 pyrenees_area:1 "Gascuña"
 languedoc_area:0 "Languedoc"
 bourgogne_area:0 "Borgoña"
 savoy_dauphine_area:0 "Saboya"
 lorraine_area:0 "Lorena"
 picardy_area:0 "Picardía"
 seine_area:0 "Sena"
 loire_area:0 "Loira"
 wallonia_area:0 "Valonia"
 flanders_area:0 "Flandes"
 brabant_area:0 "Brabante"
 netherlands_area:0 "Países Bajos"
 frisia_area:0 "Frisia"
 aragon_area:0 "Aragón"
 catalonia_area:0 "Cataluña"
 valencia_area:0 "Valencia"
 lower_andalucia_area:0 "Andalucía Inferior"
 upper_andalucia_area:0 "Andalucía Superior"
 castille_area:0 "Castilla"
 toledo_area:0 "Toledo"
 asturias_area:0 "Asturias"
 leon_area:0 "León"
 basque_area:0 "País Vasco"
 beieras_area:0 "Beiras"
 alentejo_area:0 "Alentejo"
 macaronesia_area:0 "Macaronesia"
 venetia_area:0 "Venecia"
 lombardy_area:0 "Lombardía"
 piedmont_area:0 "Piamonte"
 tuscany_area:0 "Toscana"
 liguria_area:0 "Liguria"
 corsica_sardinia_area:0 "Islas del Mediterráneo Occidental"
 sicily_area:0 "Sicilia"
 naples_area:1 "Lazio-Campania"
 calabria_area:0 "Calabria"
 apulia_area:0 "Apulia"
 emilia_romagna_area:0 "Emilia-Romaña"
 central_italy_area:0 "Italia Central"
 ireland_area:0 "Irlanda"
 highlands_area:0 "Tierras altas de Escocia"
 lowlands_area:0 "Tierras bajas de Escocia"
 wales_area:0 "Gales"
 northern_england_area:0 "Northumbria"
 mercia_area:0 "Mercia"
 wessex_area:0 "Wessex"
 east_anglia_area:0 "Anglia Oriental"
 denmark_area:0 "Dinamarca"
 jutland_area:0 "Jutlandia"
 skaneland_area:0 "Escania"
 gotaland_area:0 "Östra Götaland"
 svealand_area:0 "Västra Svealand"
 norrland_area:0 "Norrland"
 finland_area:0 "Finlandia"
 karelia_area:0 "Carelia del Sur"
 northern_norway:0 "Trøndelag"
 eastern_norway:0 "Noruega Oriental"
 western_norway:0 "Noruega Occidental"
 subarctic_islands_area:0 "Islas Feroe"
 estonia_ingria_area:0 "Estonia"
 livonia_area:0 "Livonia"
 curonia_area:0 "Curonia"
 east_prussia_area:0 "Prusia Oriental"
 west_prussia_area:0 "Prusia Occidental"
 wielkopolska_area:0 "Wielkopolska"
 malopolska_area:0 "Malopolska"
 podolia_volhynia_area:1 "Podolia"
 pripyat_area:0 "Prípiat"
 mazovia_area:0 "Mazovia"
 lithuania_area:2 "Alta Lituania"
 west_dniepr_area:0 "Dniepr Occidental"
 east_dniepr_area:0 "Dniepr Oriental"
 sloboda_ukraine_area:0 "Ucrania Sloboda"
 azov_area:0 "Azov"
 zaporizhia_area:0 "Zaporiyia"
 yedisan_area:0 "Yedisán"
 crimea_area:0 "Crimea"
 white_ruthenia_area:0 "Rutenia Blanca"
 red_ruthenia_area:0 "Rutenia Roja"
 ryazan_area:0 "Ryazan"
 moscow_area:0 "Moscú"
 suzdal_area:0 "Suzdal"
 smolensk_area:0 "Smolensk"
 novgorod_area:0 "Novgorod"
 pskov_area:0 "Pskov"
 beloozero_area:0 "Beloozero"
 astrakhan_area:0 "Astracán"
 lower_don_area:0 "Bajo Don"
 kazan_area:0 "Kazán"
 nogai_area:0 "Nogai"
 ural_area:0 "Ural"
 pomor_area:0 "Pomor"
 bashkiria_area:0 "Bashkiria"
 galich_area:0 "Gálich"
 kama_area:0 "Kama"
 tambov_area:0 "Tambov"
 saratov_area:0 "Saratov"
 silesia_area:0 "Silesia"
 bohemia_area:0 "Bohemia"
 erzgebirge_area:0 "Montes Metálicos"
 south_saxony_area:0 "Sur de Sajonia"
 lower_bavaria_area:0 "Baja Baviera"
 upper_bavaria_area:0 "Alta Baviera"
 franconia_area:0 "Franconia"
 lower_swabia_area:0 "Baja Suabia"
 upper_swabia_area:0 "Alta Suabia"
 northern_saxony_area:0 "Norte de Sajonia"
 thuringia_area:0 "Turingia"
 neumark_area:0 "Neumark"
 mittelmark_area:0 "Mittelmark"
 vorpommern_area:0 "Pomerania Occidental"
 hinter_pommern_area:0 "Pomerania Central"
 tirol_area:0 "Tirol"
 austria_proper_area:0 "Austria Principal"
 inner_austria_area:0 "Austria Interior"
 carinthia_area:0 "Carintia"
 switzerland_area:0 "Suiza"
 romandie_area:0 "Romandía"
 upper_rhineland_area:0 "Alta Renania"
 palatinate_area:0 "Palatinado"
 north_rhine_area:0 "Renania del Norte"
 lower_rhineland_area:0 "Baja Renania"
 luxemburg_liege_area:0 "Lieja"
 westphalia_area:0 "Westfalia"
 hesse_area:0 "Hesse"
 lower_saxony_area:0 "Baja Sajonia"
 weser_area:0 "Weser"
 holstein_area:0 "Schleswig-Holstein"
 mecklenburg_area:0 "Mecklemburgo"
 macedonia_area:0 "Macedonia"
 morea_area:0 "Morea"
 northern_greece_area:0 "Norte de Grecia"
 thrace_area:0 "Tracia"
 bulgaria_area:0 "Bulgaria"
 wallachia_area:0 "Valaquia"
 moldavia_area:0 "Moldavia"
 transylvania_area:0 "Transilvania del Norte"
 slovakia_area:0 "Eslovaquia"
 serbia_area:0 "Serbia"
 bosnia_area:0 "Bosnia"
 croatia_area:0 "Croacia"
 east_adriatic_coast_area:0 "Adriático Oriental"
 alfold_area:0 "Alföld"
 transdanubia_area:0 "Transdanubia"
 georgia_area:0 "Georgia"
 armenia_area:0 "Armenia"
 north_kurdistan_area:1 "Kurdistán"
 shirvan_area:0 "Shirvan"
 circassia_area:0 "Circasia"
 dagestan_area:0 "Daguestán"
 rum_area:0 "Rum"
 erzurum_area:0 "Erzurum"
 karaman_area:0 "Karaman"
 hudavendigar_area:0 "Hudavendigar"
 aydin_area:0 "Aydin"
 kastamonu_area:1 "Karadeniz"
 aleppo_area:0 "Alepo"
 syria_area:0 "Siria"
 palestine_area:0 "Palestina"
 dulkadir_area:0 "Dulkadir"
 eastern_aegean_area:0 "Egeo Oriental"
 western_aegean_area:0 "Egeo Occidental"
 rakka_area:0 "Rakka"
 al_jazira_area:0 "Al-Yazira"
 iraq_arabi_area:0 "Irak Arabi"
 basra_area:0 "Basora"
 south_kurdistan_area:0 "Kurdistán del Sur"
 bahrain_area:0 "Baréin"
 najd_area:0 "Nayd"
 hejaz_area:0 "Hiyaz"
 yemen_area:1 "Bajo Yemen"
 hadramut_area:0 "Hadramut"
 oman_area:0 "Omán"
 gharbia_area:0 "Gharbia"
 sharqiya_area:0 "Sharqiya"
 central_egypt_area:0 "Egipto Central"
 upper_egypt_area:0 "Alto Egipto"
 libyan_desert_area:0 "Desierto de Libia"
 tripolitania_area:0 "Tripolitania"
 fezzan_area:0 "Fez"
 tunisia_area:0 "Túnez"
 kabylia_area:0 "Cabilia"
 algiers_area:0 "Argel"
 north_saharan_area:0 "Sáhara Septentrional"
 tafilalt_area:0 "Tafilalt"
 sus_area:0 "Sus"
 marrekesh_area:0 "Marruecos Central"
 fez_area:0 "Fez"
 northern_morocco_area:0 "Norte de Marruecos"
 madagascar_area:0 "Madagascar"
 zambezi_area:0 "Zambeze"
 zimbabwe_area:0 "Zimbabue"
 mozambique_area:0 "Mozambique"
 central_swahili_coast_area:0 "Costa central suajili"
 northern_swahili_coast_area:0 "Costa norte suajili"
 ogaden_area:0 "Ogadén"
 darfur_central_sahara_area:0 "Sáhara Central"
 kurdufan_area:0 "Kurdufan"
 upper_nubia_area:0 "Alta Nubia"
 red_sea_coast_area:0 "Costa del Mar Rojo"
 tigray_area:0 "Tigray"
 ifat_area:0 "Ifat"
 somaliland_area:0 "Somalilandia"
 southern_ethiopia_area:0 "Kaffa"
 hadiya_area:0 "Hadiya"
 central_ethiopia_area:0 "Etiopía Central"
 mogadishu_area:0 "Mogadiscio"
 ajuuran_area:0 "Ajuuran"
 majarteen_area:0 "Majarteen"
 mascarenes_area:0 "Mascareñas"
 indian_ocean_islands_area:0 "Islas del Océano Índico"
 melanesia_area:0 "Melanesia"
 western_australia_area:0 "Australia Occidental"
 northern_australia_area:0 "Australia Septentrional"
 eastern_australia_area:0 "Australia Oriental"
 southern_australia_area:0 "Australia Meridional"
 polynesia_area:0 "Polinesia"
 te_ika_a_maui_area:0 "Te Ika un Maui"
 te_waipounamu_area:0 "Te Waipounamu"
 western_sahara_area:0 "Sáhara Occidental"
 cap_verde_area:0 "Cabo Verde"
 tekrur_area:0 "Tekrur"
 baghena_area:0 "Baghena"
 manding_area:0 "Manding"
 futa_jallon_area:0 "Futa Jallon"
 massina_area:0 "Massina"
 niger_bend_area:0 "Curva del Níger"
 upper_volta_area:0 "Alto Volta"
 kong_area:0 "Kong"
 lower_volta_area:0 "Bajo Volta"
 lower_niger_area:0 "Bajo Níger"
 hausa_area:0 "Kano"
 bornu_area:0 "Bornu"
 kanem_area:0 "Kanem"
 adamawa_plateau_area:0 "Meseta Adamawa"
 dendi_area:0 "Dendi"
 azbin_area:0 "Azbin Occidental"
 atacora_oueme_area:0 "Atacora Oueme"
 gulf_of_guinea_area:0 "Golfo de Guinea"
 west_africa_coast_area:0 "Costa de África Occidental"
 guinea_coast_area:0 "Guinea"
 south_atlantic_islands_area:0 "Islas del Atlántico Sur"
 kongo_area:0 "Congo"
 angola_namibia_area:0 "Angola"
 west_congo_area:0 "Congo Occidental"
 cape_of_good_hope_area:0 "Cabo de Buena Esperanza"
 south_african_plateau_area:0 "Meseta de Sudáfrica"
 makran_area:0 "Makrán"
 sistan_area:0 "Sistán"
 kalat_area:0 "Kalat"
 ferghana_area:0 "Fergana"
 arys_area:0 "Arys"
 kabulistan_area:0 "Kabulistán"
 ghor_area:0 "Ghor"
 transoxiana_area:0 "Transoxiana"
 khiva_area:0 "Khiva"
 transcaspia_area:0 "Transcaspia"
 khorasan_area:0 "Jorarán"
 merv_area:0 "Merv"
 luristan_area:0 "Luristán"
 balkh_area:0 "Balkh"
 kerman_area:0 "Kerman"
 farsistan_area:0 "Farsistán"
 iraq_e_ajam_area:0 "Iraq-e-Ajam"
 isfahan_area:0 "Isfahán"
 azerbaijan_area:0 "Azerbaiyán"
 tabarestan_area:0 "Tabarestan"
 upper_doab_area:0 "Alto Doab"
 sirhind_area:0 "Sirhind"
 central_doab_area:0 "Doab Central"
 oudh_area:0 "Oudh"
 purvanchal_area:0 "Purvanchal"
 lower_doab_area:0 "Bajo Doab"
 lahore_area:0 "Lahore"
 multan_area:0 "Multan"
 west_bengal_area:0 "Bengala Occidental"
 naga_hills_area:0 "Montañas Naga"
 east_bengal_area:0 "Bengala Oriental"
 north_bengal_area:0 "Bengala Septentrional"
 bihar_area:0 "Bihar"
 jharkhand_area:0 "Jharkhand"
 gondwana_area:0 "Gondwana"
 orissa_area:0 "Orissa"
 garjat_area:0 "Garjat"
 telingana_area:1 "Telangana Norte"
 andhra_area:0 "Andhra"
 rayalaseema_area:0 "Rayalaseema"
 kerala_area:0 "Kerala"
 malwa_area:0 "Malwa"
 mewar_area:0 "Mewar"
 marwar_area:0 "Marwar"
 jaipur_area:0 "Jaipur"
 sindh_area:1 "Sindh Sur"
 carnatic_area:0 "Carnatic"
 coromandel_area:0 "Coromandel"
 madura_area:0 "Madura"
 konkan_area:0 "Konkan"
 kanara_area:0 "Kanara"
 maidan_area:0 "Maidan"
 mysore_area:0 "Mysore"
 maharashtra_area:0 "Maharashtra"
 desh_area:0 "Desh"
 assam_area:0 "Assam"
 himalayan_hills_area:0 "Montañas del Himalaya"
 nepal_area:0 "Nepal"
 kashmir_area:0 "Cachemira"
 lanka_area:1 "Lanka Norte"
 gujarat_area:0 "Gujarat"
 tapti_area:0 "Tapti"
 saurashtra_area:0 "Saraustra"
 upper_burma_area:0 "Birmania Superior"
 lower_burma_area:0 "Birmania Inferior"
 kachin_area:0 "Kachin"
 shan_hill_area:0 "Montes Shan"
 malaya_area:0 "Malaya"
 khorat_area:0 "Khorat"
 champa_area:0 "Champa"
 cambodia_area:0 "Camboya"
 mekong_area:0 "Mekong"
 tenasserim_area:0 "Tenasserim Central"
 vietnam_area:0 "Tonkin"
 south_laos_area:0 "Laos Sur"
 north_laos_area:0 "Laos Norte"
 central_thai_area:0 "Tailandia Central"
 northern_thai_area:0 "Tailandia norte"
 great_moluccas_area:0 "Grandes Molucas"
 luzon_area:0 "Luzón"
 north_sumatra_area:0 "Aceh"
 central_sumatra_area:0 "Riau"
 south_sumatra_area:0 "Lampung"
 east_java_area:0 "Java Oriental"
 central_java_area:0 "Java Central"
 west_java_area:0 "Java Occidental"
 kutai_area:0 "Kutai"
 brunei_area:0 "Brunéi"
 kalimantan_area:0 "Kalimantan"
 molluca_area:0 "Molucas"
 lesser_sunda_islands_area:0 "Islas menores de Sonda"
 sulawesi_area:0 "Célebes del Norte"
 north_korea_area:0 "Corea del Norte"
 central_korea_area:0 "Corea Central"
 south_korea_area:1 "Corea Sur"
 hokkaido_area:0 "Hokkaido"
 kyushu_area:1 "Kyushu Sur"
 chubu_area:0 "Chubu"
 kanto_thoku_area:0 "Kanto-Tohoku"
 kansai_area:0 "Kansai"
 chugoku_area:0 "Chugoku"
 kamchatka_area:0 "Kamchatka"
 magadan_area:0 "Magadan"
 okhotsk_area:0 "Okhotsk"
 yakutia_area:0 "Yakutia"
 buryatia_area:0 "Buryatia"
 tunguska_area:0 "Tunguska"
 central_siberia_area:0 "Siberia Central"
 ob_area:0 "Ob"
 irkutsk_area:0 "Irkutsk"
 perm_area:0 "Perm"
 balchasj_area:0 "Balchasj"
 kazakhstan_area:0 "Kazajistán"
 yrtesh_area:0 "Yrtesh"
 ishim_area:0 "Ishim"
 heilongjiang_area:0 "Heilongjiangord"
 jilin_area:0 "Jilin"
 ilan_hala_area:1 "Ilin Hala Norte"
 liaoning_area:0 "Liaoning"
 ordos_area:0 "Ordos"
 inner_mongolia_area:0 "Mongolia Interior"
 outer_mongolia_area:0 "Mongolia Exterior"
 altai_sayan_area:1 "Kobdo"
 tarim_basin_area:1 "Altishahr Central"
 zungaria_area:1 "Zungaria del Sur"
 jetysuu_area:0 "Jetysuu"
 amdo_area:0 "Amdo"
 kham_area:0 "Kham"
 hebei_area:0 "Hebei"
 shandong_area:0 "Shandong"
 jiangsu_area:0 "Jiangsu"
 anhui_area:0 "Anhui"
 zhejiang_area:0 "Zhejiang"
 jiangxi_area:0 "Jiangxi"
 fujian_area:0 "Fujian"
 taiwan_area:0 "Taiwan"
 guangdong_area:0 "Guangdong"
 guangxi_area:0 "Guangxi"
 yun_gui_area:0 "Yun-Gui"
 sichuan_area:0 "Sichuan"
 huguang_area:0 "Huguang"
 henan_area:0 "Henan"
 shanxi_area:0 "Shanxi"
 shaanxi_area:0 "Shaanxi"
 gansu_area:0 "Gansu"
 rio_grande_do_sol_area:0 "Rio Grande do Sul"
 minas_gerais_area:0 "Minas Gerais"
 goias_area:0 "Goias"
 mato_grosso_area:0 "Mato Grosso"
 guapore_area:0 "Guapore"
 sao_paolo_area:0 "São Paulo"
 rio_de_janeiro_area:0 "Río de Janeiro"
 bahia_area:0 "Bahia"
 pernambuco_area:0 "Pernambuco"
 sao_francisco_area:0 "São Francisco"
 maranhao_area:0 "Maranhão"
 grao_para_area:0 "Grão-Pará"
 amazon_area:0 "Amazonas"
 paraguay_area:0 "Paraguay"
 patagonia_area:0 "Patagonia"
 cuyo_area:0 "Cuyo"
 southern_pampas_area:0 "Pampas del Sur"
 buenos_aires_area:0 "Buenos Aires"
 tucuman_area:0 "Tucumán"
 chaco_area:0 "Chaco"
 banda_oriental_area:0 "Banda Oriental"
 guyana_area:0 "Guyana"
 upper_guyana_area:0 "Alta Guyana"
 quito_area:0 "Quito"
 venezuela_area:0 "Venezuela"
 eastern_llanos:0 "Llanos Orientales"
 western_llanos:0 "Llanos Occidentales"
 bogota_area:0 "Bogotá"
 popayan_area:0 "Popayán"
 coquivacoa_area:0 "Coquivacoa"
 northern_chile_area:0 "Norte de Chile"
 central_chile_area:0 "Chile Central"
 southern_chile_area:0 "Sur de Chile"
 antisuyu_area:0 "Antisuyu"
 kuntisuyu_area:0 "Kuntisuyu"
 chimor_area:0 "Chimor"
 ucayali_area:0 "Ucayali"
 cajamarca_area:0 "Cajamarca"
 huanuco_area:0 "Huanuco"
 beni_area:0 "Beni"
 upper_peru:0 "Alto Perú"
 great_woods_area:0 "Grandes Bosques"
 massachusetts_bay_area:0 "Bahía de Massachusetts"
 connecticut_valley_area:0 "Valle de Connecticut"
 hudson_valley_area:0 "Valle de Hudson"
 delaware_valley_area:0 "Valle de Delaware"
 susquehanna_area:0 "Susquehanna"
 chesapeake_area:0 "Chesapeake"
 great_valley_area:0 "Gran Valle"
 piedmont_north_america_area:0 "Piedmont"
 american_georgia_area:0 "Georgia"
 florida_area:0 "Florida"
 west_florida_area:0 "Florida Occidental"
 mississippi_area:0 "Misisipi"
 alabama_area:0 "Alabama"
 kentucky_area:0 "Kentucky"
 ohio_country_area:0 "Ohio"
 illinois_country_area:0 "Illinois"
 michigan_area:0 "Michigan"
 lake_superior_area:0 "Lago Superior"
 lower_louisiana_area:0 "Baja Luisiana"
 upper_louisiana_area:0 "Alta Luisiana"
 ozarks_area:0 "Ozarks"
 lower_plains_area:0 "Llanuras Inferiores"
 high_plains_area:0 "Llanuras Superiores"
 dakota_area:0 "Dakota"
 upper_missouri_area:0 "Alto Misuri"
 badlands_area:0 "Badlands"
 llano_estacado_area:0 "Llano estacado"
 texas_area:0 "Tejas"
 rio_grande_area:0 "Rio Grande"
 new_mexico_area:0 "Nuevo México"
 colorado_plateau_area:0 "Meseta de Colorado"
 arizona_area:0 "Arizona"
 california_area:0 "California"
 central_valley_area:0 "Valle Central"
 oregon_area:0 "Oregón"
 columbia_river_area:0 "Rio Columbia"
 snake_river_area:0 "Río Snake"
 salish_sea_area:2 "Estrecho de Puget"
 interior_plateau_area:0 "Meseta Interior"
 hecate_strait_area:0 "Estrecho de Hecate"
 alaska_area:0 "Alaska"
 lower_acadia_area:0 "Acadia Inferior"
 upper_acadia_area:0 "Acadia Superior"
 newfoundland_area:0 "Terranova"
 labrador_area:0 "Labrador"
 cote_nord_area:0 "Cote Nord"
 notre_dame_mountains_area:0 "Montañas de Notre Dame"
 lower_canada_area:0 "Bajo Canadá"
 upper_canada_area:0 "Alto Canadá"
 laurentian_area:0 "Laurentia"
 upper_ontario_area:0 "Ontario Superior"
 huronia_area:0 "Huronia"
 james_bay_area:0 "Bahía de James"
 hudson_bay_area:0 "Bahía de Hudson"
 red_river_area:0 "Rio Rojo"
 saskatchewan_area:0 "Saskatchewan"
 prairies_area:0 "Praderas"
 athabasca_area:0 "Athabasca"
 northeast_mexico_area:0 "Noreste de México"
 durango_area:0 "Durango"
 sonora_y_sinaloa_area:0 "Sonora y Sinaloa"
 baja_california_area:0 "Baja California"
 jalisco_area:0 "Jalisco"
 michoacan_area:0 "Michoacán"
 gran_chichimeca_area:0 "Gran Chichimeca"
 mexico_area:0 "México"
 guerrero_area:0 "Guerrero"
 oaxaca_area:0 "Oaxaca"
 eastern_mexico_area:0 "México Occidental"
 chiapas_area:0 "Chiapas"
 yucatan_area:1 "Yucatán Oeste"
 guatemala_area:0 "Guatemala"
 honduras_area:0 "Honduras"
 nicaragua_area:0 "Nicaragua"
 panama_area:0 "Panamá"
 hispaniola_area:1 "Haití"
 greater_antilles_area:0 "Antillas Mayores"
 leeward_islands_area:0 "Islas de Sotavento"
 windward_islands_area:0 "Islas de Barlovento"
 western_mediterrenean_area:0 "Mediterráneo Occidental"
 eastern_mediterrenean_area:0 "Mediterráneo Oriental"
 black_sea_area:0 "Mar Negro"
 baltic_area:0 "Mar Báltico"
 kattegat_area:0 "Kattegat"
 north_sea_area:0 "Mar del Norte"
 norwegian_sea_area:0 "Mar de Noruega"
 white_sea_area:0 "Mar Blanco"
 red_sea_area:0 "Mar Rojo"
 persian_gulf_area:0 "Golfo Pérsico"
 arabian_sea_area:0 "Mar Arábigo"
 bay_of_bengal_area:0 "Bahía de Bengala"
 eastern_indian_ocean_area:0 "Océano Índico Oriental"
 western_indian_ocean_area:0 "Océano Índico Occidental"
 great_australian_bight_area:0 "Gran Bahía Australiana"
 swahili_coast_sea_area:0 "Costa suajili"
 south_china_sea_area:0 "Mar del Sur de China"
 celebes_sea_area:0 "Mar de Célebes"
 java_sea_area:0 "Mar de Java"
 east_china_sea_area:0 "Mar Oriental de China"
 sea_of_japan_area:0 "Mar de Japón"
 sea_of_okhotsk_area:0 "Mar de Ojotsk"
 berring_sea_area:0 "Mar de Bering"
 tasman_sea_area:0 "Mar de Tasmania"
 coral_sea_area:0 "Mar del Coral"
 philipine_sea_area:0 "Mar de Filipinas"
 banda_arafura_seas_area:0 "Banda & Arafura"
 gulf_of_alaska_area:0 "Golfo de Alaska"
 sea_of_grau_area:0 "Mar de Grau"
 chilean_sea_area:0 "Mar de Chile"
 gulf_of_panama_area:0 "Golfo de Panamá"
 bay_of_biscay_area:0 "Golfo de Vizcaya"
 english_channel_area:0 "Canal de la Mancha"
 caribbean_sea_area:0 "Mar Caribe"
 gulf_of_mexico_area:0 "Golfo de México"
 sea_of_labrador_area:0 "Mar de Labrador"
 hudson_bay_sea_area:0 "Bahía de Hudson"
 denmark_strait_area:0 "Estrecho de Dinamarca"
 gulf_of_guinea_sea_area:0 "Golfo del Mar de Guinea"
 cape_of_storms_area:0 "Cabo de las Tormentas"
 skeleton_coast_area:0 "Costa de los Esqueletos"
 east_pacific_ocean_area:0 "Pacífico Oriental"
 polynesian_triangle_area:0 "Triángulo Polinesio"
 south_pacific_area:0 "Pacífico Sur"
 north_pacific_area:0 "Pacífico Norte"
 north_pacific_coast_area:0 "Costa Pacífica"
 coast_of_brazil_sea_area:0 "Costa de Brasil"
 coast_of_guyana_area:0 "Costa de Guyana"
 celtic_sea_area:0 "Mar Céltico"
 west_african_coast_sea_area:0 "Costa de África Occidental"
 south_atlantic_area:0 "Atlántico Sur"
 argentine_sea_area:0 "Mar Argentino"
 gulf_of_st_lawrence_area:0 "Golfo de San Lorenzo"
 gulf_stream_area:0 "Corriente del Golfo"
 sargasso_sea_area:0 "Mar de los Sargazos"
 north_atlantic_area:0 "Atlántico Norte"
 bahama_channel_area:0 "Canal de Bahamas"
 france_region:0 "Francia"
 scandinavia_region:0 "Escandinavia"
 low_countries_region:0 "Países Bajos"
 italy_region:0 "Italia"
 iberia_region:0 "Iberia"
 germany_region:0 "Alemania"
 russia_region:0 "Rusia"
 british_isles_region:0 "Inglaterra"
 baltic_region:0 "Báltico"
 poland_region:0 "Polonia"
 ruthenia_region:0 "Rutenia"
 crimea_region:1 "Estepa del Ponto"
 balkan_region:0 "Balcanes"
 carpathia_region:0 "Carpatia"
 mashriq_region:0 "Mashriq"
 anatolia_region:0 "Anatolia"
 persia_region:0 "Persia"
 caucasia_region:0 "Caucasia"
 arabia_region:0 "Arabia"
 west_africa_region:0 "África Occidental"
 horn_of_africa_region:0 "Cuerno de África"
 east_africa_region:0 "Africa Oriental"
 kongo_region:0 "Congo"
 central_asia_region:0 "Asia Central"
 south_africa_region:0 "Sudáfrica"
 siberia_region:0 "Siberia"
 mongolia_region:0 "Mongolia"
 manchuria_region:0 "Manchuria"
 tibet_region:0 "Tíbet"
 hindusthan_region:0 "Hindustán"
 deccan_region:0 "Decán"
 west_india_region:0 "India Occidental"
 burma_region:0 "Birmania"
 japan_region:0 "Japón"
 korea_region:0 "Corea"
 australia_region:0 "Australia"
 south_china_region:0 "Sur de China"
 xinan_region:0 "Xinan"
 north_china_region:0 "Norte de China"
 colombia_region:0 "Colombia"
 peru_region:0 "Perú"
 indonesia_region:0 "Indonesia"
 oceanea_region:0 "Oceanea"
 indo_china_region:0 "Indochina"
 great_lakes_region:0 "Grandes Lagos"
 northeast_america_region:0 "Nordeste"
 southeast_america_region:0 "Sudeste"
 mississippi_region:0 "Misisipi"
 great_plains_region:0 "Grandes Llanuras"
 california_region:0 "California"
 cascadia_region:0 "Cascadia"
 mexico_region:0 "México"
 central_america_region:0 "América Central"
 carribeans_region:0 "Caribe"
 south_atlantic_region:0 "Atlántico Sur"
 atlantic_south_america_region:0 "Sudamérica Atlántica"
 pacific_south_america_region:0 "Sudamérica Pacífica"
 north_west_pacific_region:0 "Pacifico Noroeste"
 south_west_pacific_region:0 "Pacífico Sudoccidental"
 south_east_pacific_region:0 "Pacífico Sudoriental"
 north_east_pacific_region:0 "Noreste del Pacífico"
 east_china_sea_region:0 "Mar Oriental de China"
 south_china_sea_region:0 "Mar del Sur de China"
 east_indian_ocean_region:0 "Océano Índico Oriental"
 arabian_sea_region:0 "Mar Arábigo"
 west_indian_ocean_region:0 "Océano Índico Occidental"
 west_african_sea_region:0 "Mar del África Occidental"
 caribbean_sea_region:0 "Mar Caribe"
 mediterrenean_region:0 "Mediterráneo"
 american_east_coast_region:0 "Costa Este Americana"
 north_atlantic_region:0 "Atlántico Norte"
 baltic_sea_region:0 "Mar Báltico"
 central_africa_region:0 "África Central"
 europe_superregion:0 "Europa"
 north_america_superregion:0 "Norteamérica"
 africa_superregion:0 "África"
 south_america_superregion:0 "Sudamérica"
 central_america_superregion:0 "Centroamérica"
 china_superregion:0 "China"
 east_indies_superregion:0 "Indias Orientales"
 india_superregion:0 "India"
 near_east_superregion:0 "Próximo Oriente"
 persia_superregion:0 "Persia"
 massif_central_area:0 "Macizo Central"
 lower_nubia_area:0 "Baja Nubia"
 kenya_area:0 "Kenia"
 brittany_area_name:0 "Bretaña"
 brittany_area_adj:0 "bretón"
 normandy_area_name:0 "Normandía"
 normandy_area_adj:0 "normando"
 provence_area_name:0 "Provenza"
 provence_area_adj:0 "provenzal"
 guyenne_area_name:0 "Guyena"
 guyenne_area_adj:0 "guyenés"
 pyrenees_area_name:1 "Gascogne"
 pyrenees_area_adj:1 "gascón"
 languedoc_area_name:0 "Languedoc"
 languedoc_area_adj:1 "occitano"
 bourgogne_area_name:0 "Borgoña"
 bourgogne_area_adj:0 "borgoñón"
 massif_central_area_name:0 "Auvernia"
 massif_central_area_adj:0 "auvernés"
 savoy_dauphine_area_name:0 "Saboya"
 savoy_dauphine_area_adj:0 "saboyano"
 lorraine_area_name:0 "Lorena"
 lorraine_area_adj:0 "loreno"
 picardy_area_name:0 "Picardía"
 picardy_area_adj:0 "picardo"
 seine_area_name:0 "París"
 seine_area_adj:0 "parisino"
 loire_area_name:0 "Anjeo"
 loire_area_adj:1 "angevino"
 wallonia_area_name:0 "Valonia"
 wallonia_area_adj:0 "valón"
 flanders_area_name:0 "Flandes"
 flanders_area_adj:0 "flamenco"
 brabant_area_name:0 "Brabante"
 brabant_area_adj:0 "brabantino"
 netherlands_area_name:0 "Países Bajos"
 netherlands_area_adj:0 "holandés"
 frisia_area_name:0 "Frisia"
 frisia_area_adj:0 "frisón"
 aragon_area_name:0 "Aragón"
 aragon_area_adj:0 "aragonés"
 catalonia_area_name:0 "Cataluña"
 catalonia_area_adj:0 "catalán"
 valencia_area_name:0 "Valencia"
 valencia_area_adj:0 "valenciano"
 lower_andalucia_area_name:0 "Córdoba"
 lower_andalucia_area_adj:0 "cordobés"
 upper_andalucia_area_name:0 "Granada"
 upper_andalucia_area_adj:0 "granadino"
 castille_area_name:0 "Castilla"
 castille_area_adj:0 "castellano"
 toledo_area_name:0 "Toledo"
 toledo_area_adj:0 "toledano"
 asturias_area_name:0 "Asturias"
 asturias_area_adj:0 "asturiano"
 leon_area_name:0 "León"
 leon_area_adj:0 "leonés"
 basque_area_name:0 "País Vasco"
 basque_area_adj:0 "vasco"
 beieras_area_name:0 "Beira"
 beieras_area_adj:0 "beirano"
 alentejo_area_name:0 "Alentejo"
 alentejo_area_adj:0 "alentejana"
 macaronesia_area_name:0 "Macaronesia"
 macaronesia_area_adj:0 "macaronésico"
 venetia_area_name:0 "Venecia"
 venetia_area_adj:0 "veneciano"
 lombardy_area_name:0 "Lombardía"
 lombardy_area_adj:0 "lombardo"
 piedmont_area_name:0 "Piamonte"
 piedmont_area_adj:0 "piamontés"
 tuscany_area_name:0 "Toscana"
 tuscany_area_adj:0 "toscano"
 liguria_area_name:0 "Liguria"
 liguria_area_adj:0 "ligur"
 corsica_sardinia_area_name:0 "Cerdeña"
 corsica_sardinia_area_adj:0 "sardo"
 sicily_area_name:0 "Sicilia"
 sicily_area_adj:0 "siciliano"
 naples_area_name:0 "Nápoles"
 naples_area_adj:0 "napolitano"
 calabria_area_name:0 "Calabria"
 calabria_area_adj:0 "calabrés"
 apulia_area_name:0 "Apulia"
 apulia_area_adj:0 "pullés"
 emilia_romagna_area_name:0 "Emilia"
 emilia_romagna_area_adj:0 "emiliano"
 central_italy_area_name:0 "Roma"
 central_italy_area_adj:0 "romano"
 ireland_area_name:0 "Irlanda"
 ireland_area_adj:0 "irlandés"
 highlands_area_name:0 "Tierras Altas"
 highlands_area_adj:0 "highlander"
 lowlands_area_name:0 "Tierras Bajas"
 lowlands_area_adj:0 "escocés"
 wales_area_name:0 "País de Gales"
 wales_area_adj:0 "galés"
 northern_england_area_name:0 "Northumbria"
 northern_england_area_adj:0 "northumbrio"
 mercia_area_name:0 "Mercia"
 mercia_area_adj:0 "merciano"
 wessex_area_name:0 "Wessex"
 wessex_area_adj:0 "wessexiano"
 east_anglia_area_name:0 "Anglia"
 east_anglia_area_adj:0 "anglo"
 denmark_area_name:0 "Dinamarca"
 denmark_area_adj:0 "danés"
 jutland_area_name:0 "Jutlandia"
 jutland_area_adj:0 "juto"
 skaneland_area_name:0 "Escania"
 skaneland_area_adj:0 "escano"
 gotaland_area_name:0 "Gotlandia"
 gotaland_area_adj:0 "gauta"
 svealand_area_name:0 "Suecia"
 svealand_area_adj:0 "sueco"
 norrland_area_name:0 "Norlandia"
 norrland_area_adj:0 "norlandés"
 finland_area_name:0 "Finlandia"
 finland_area_adj:0 "finlandés"
 karelia_area_name:0 "Carelia"
 karelia_area_adj:0 "carelio"
 northern_norway_name:0 "Trondelag"
 northern_norway_adj:0 "trondelagués"
 eastern_norway_name:0 "Akershus"
 eastern_norway_adj:0 "akershusés"
 western_norway_name:0 "Bergenshus"
 western_norway_adj:0 "bergenshués"
 subarctic_islands_area_adj:0 "faroés"
 estonia_ingria_area_name:0 "Estonia"
 estonia_ingria_area_adj:0 "estonio"
 livonia_area_name:0 "Livonia"
 livonia_area_adj:0 "livonio"
 curonia_area_name:0 "Curlandia"
 curonia_area_adj:0 "curonio"
 east_prussia_area_name:0 "Prusia"
 east_prussia_area_adj:0 "prusiano"
 west_prussia_area_name:0 "Chelmno"
 west_prussia_area_adj:0 "chelmno"
 wielkopolska_area_name:0 "Gran Polonia"
 wielkopolska_area_adj:0 "granpolaco"
 malopolska_area_name:0 "Pequeña Polonia"
 malopolska_area_adj:0 "pequeñopolaco"
 podolia_volhynia_area_name:1 "Podolia"
 podolia_volhynia_area_adj:1 "podolio"
 pripyat_area_name:0 "Brest"
 pripyat_area_adj:0 "brestés"
 mazovia_area_name:0 "Mazovia"
 mazovia_area_adj:0 "mazoviano"
 lithuania_area_name:1 "Alta Lituania"
 lithuania_area_adj:1 "altolituano"
 west_dniepr_area_name:0 "Cherkasy"
 west_dniepr_area_adj:0 "cherkasiano"
 east_dniepr_area_name:0 "Poltava"
 east_dniepr_area_adj:0 "poltavo"
 sloboda_ukraine_area_name:0 "Jarkov"
 sloboda_ukraine_area_adj:0 "jarkoviano"
 azov_area_name:0 "Azovia"
 azov_area_adj:0 "azoviano"
 zaporizhia_area_name:0 "Zaporiyia"
 zaporizhia_area_adj:0 "zaporiyano"
 yedisan_area_name:0 "Yedisan"
 yedisan_area_adj:0 "yedisaniano"
 crimea_area_name:0 "Crimea"
 crimea_area_name_adj:0 "crimeo"
 white_ruthenia_area_adj:0 "ruteno blanco"
 white_ruthenia_area_name:0 "Rutenia Blanca"
 red_ruthenia_area_name:0 "Rutenia Roja"
 red_ruthenia_area_adj:0 "ruteno rojo"
 ryazan_area_name:0 "Riazán"
 ryazan_area_adj:0 "riazaniano"
 moscow_area_name:0 "Moscovia"
 moscow_area_adj:0 "moscovita"
 suzdal_area_name:0 "Súzdal"
 suzdal_area_adj:0 "suzdaliano"
 smolensk_area_name:0 "Smolensko"
 smolensk_area_adj:0 "smolense"
 novgorod_area_name:0 "Nóvgorod"
 novgorod_area_adj:0 "novgorodenses"
 pskov_area_name:0 "Pskov"
 pskov_area_adj:0 "plescovense"
 beloozero_area_name:0 "Beloózero"
 beloozero_area_adj:0 "belozerano"
 astrakhan_area_name:0 "Astracán"
 astrakhan_area_adj:0 "astracano"
 lower_don_area_name:0 "Cherkasy"
 lower_don_area_adj:0 "cherkasskiano"
 kazan_area_name:0 "Kazán"
 kazan_area_adj:0 "kazaní"
 nogai_area_name:0 "Nogai"
 nogai_area_adj:0 "nogaiano"
 ural_area_name:0 "Ural"
 ural_area_adj:0 "urálico"
 pomor_area_name:0 "Pomor"
 pomor_area_adj:0 "pomoriano"
 bashkiria_area_name:0 "Bashkiria"
 bashkiria_area_adj:0 "bashkiriano"
 galich_area_name:0 "Gálich"
 galich_area_adj:0 "gálico"
 kama_area_name:0 "Kama"
 kama_area_adj:0 "kama"
 tambov_area_name:0 "Tambov"
 tambov_area_adj:0 "tambovno"
 saratov_area_name:0 "Sarátov"
 saratov_area_adj:0 "saratovés"
 silesia_area_name:0 "Silesia"
 silesia_area_adj:0 "silesio"
 bohemia_area_name:0 "Bohemia"
 bohemia_area_adj:0 "bohemio"
 erzgebirge_area_name:0 "Pilsen"
 erzgebirge_area_adj:0 "pilsenés"
 south_saxony_area_name:0 "Meissen"
 south_saxony_area_adj:0 "meissenés"
 lower_bavaria_area_name:0 "Alto Palatinado"
 lower_bavaria_area_adj:0 "altopalatino"
 upper_bavaria_area_name:0 "Baviera"
 upper_bavaria_area_adj:0 "bávaro"
 franconia_area_name:0 "Franconia"
 franconia_area_adj:0 "franconio"
 lower_swabia_area_name:0 "Suabia"
 lower_swabia_area_adj:0 "suebo"
 upper_swabia_area_name:0 "Constanza"
 upper_swabia_area_adj:0 "constantiano"
 northern_saxony_area_name:0 "Altmark"
 northern_saxony_area_adj:0 "altmarqués"
 thuringia_area_name:0 "Turingia"
 thuringia_area_adj:0 "turingio"
 neumark_area_name:0 "Neumark"
 neumark_area_adj:0 "neumarqués"
 mittelmark_area_name:0 "Mittelmark"
 mittelmark_area_adj:0 "mittelmarqués"
 vorpommern_area_name:0 "Pomerania Occidental"
 vorpommern_area_adj:0 "pomerano Occidental"
 hinter_pommern_area_name:0 "Pomerania Central"
 hinter_pommern_area_adj:0 "pomerano Central"
 tirol_area_name:0 "Tirol"
 tirol_area_adj:0 "tirolés"
 austria_proper_area_name:0 "Austria"
 austria_proper_area_adj:0 "austriaco"
 inner_austria_area_name:0 "Carintia"
 inner_austria_area_adj:0 "carintio"
 carinthia_area_name:0 "Carniola"
 carinthia_area_adj:0 "carniolo"
 switzerland_area_name:0 "Suiza"
 switzerland_area_adj:0 "suizo"
 romandie_area_name:0 "Romandía"
 romandie_area_adj:0 "romando"
 upper_rhineland_area_name:0 "Baden"
 upper_rhineland_area_adj:0 "badenés"
 palatinate_area_name:0 "Palatinado Renano"
 palatinate_area_adj:0 "renanopalatino"
 north_rhine_area_name:0 "Cléveris "
 north_rhine_area_adj:0 "clevense"
 lower_rhineland_area_name:0 "Jülich"
 lower_rhineland_area_adj:0 "juliqués"
 luxemburg_liege_area_name:0 "Lieja"
 luxemburg_liege_area_adj:0 "liejense"
 westphalia_area_name:0 "Westfalia"
 westphalia_area_adj:0 "westfaliano"
 hesse_area_name:0 "Hesse"
 hesse_area_adj:0 "hessio"
 lower_saxony_area_name:0 "Callenberg"
 lower_saxony_area_adj:0 "callenbergués"
 weser_area_name:0 "Bremen"
 weser_area_adj:0 "bremense"
 holstein_area_name:0 "Holstein"
 holstein_area_adj:0 "holsteiniano"
 mecklenburg_area_name:0 "Mecklemburgo"
 mecklenburg_area_adj:0 "mecklemburgués"
 macedonia_area_name:0 "Macedonia"
 macedonia_area_adj:0 "macedonio"
 morea_area_name:0 "Morea"
 morea_area_adj:0 "moreo"
 northern_greece_area_name:0 "Tesalia"
 northern_greece_area_adj:0 "tesalio"
 thrace_area_name:0 "Tracia"
 thrace_area_adj:0 "tracio"
 bulgaria_area_name:0 "Bulgaria "
 bulgaria_area_adj:0 "búlgaro"
 wallachia_area_name:0 "Valaquia"
 wallachia_area_adj:0 "valaco"
 moldavia_area_name:0 "Moldavia"
 moldavia_area_adj:0 "moldavo"
 transylvania_area_name:0 "Transilvania"
 transylvania_area_adj:0 "transilvano"
 slovakia_area_name:0 "Eslovaquia"
 slovakia_area_adj:0 "eslovaco"
 serbia_area_name:0 "Serbia"
 serbia_area_adj:0 "serbio"
 bosnia_area_name:0 "Bosnia"
 bosnia_area_adj:0 "bosnio"
 croatia_area_name:0 "Croacia"
 croatia_area_adj:0 "croata"
 east_adriatic_coast_area_name:0 "Dalmacia"
 east_adriatic_coast_area_adj:0 "dálmata"
 alfold_area_name:0 "Debrecen"
 alfold_area_adj:0 "debrecenés"
 transdanubia_area_name:0 "Transdanubia"
 transdanubia_area_adj:0 "transdanubiano"
 georgia_area_name:0 "Georgia"
 georgia_area_adj:0 "georgiano"
 armenia_area_name:0 "Armenia"
 armenia_area_adj:0 "armenio"
 north_kurdistan_area_name:0 "Kurdistán"
 north_kurdistan_area_adj:0 "kurdo"
 shirvan_area_name:0 "Shirvan"
 shirvan_area_adj:0 "shirvano"
 circassia_area_name:0 "Circasia"
 circassia_area_adj:0 "circasiano"
 dagestan_area_name:0 "Daguestán"
 dagestan_area_adj:0 "daguestaní"
 rum_area_name:0 "Rûm"
 rum_area_adj:0 "rumí"
 erzurum_area_name:0 "Erzurum"
 erzurum_area_adj:0 "erzurumí"
 karaman_area_name:0 "Karaman"
 karaman_area_adj:0 "karamánida"
 hudavendigar_area_name:1 "Bursa"
 hudavendigar_area_adj:1 "bursano"
 aydin_area_name:0 "Aydin"
 aydin_area_adj:0 "aydin"
 kastamonu_area_name:0 "Kastamonu"
 kastamonu_area_adj:0 "kastamonu"
 aleppo_area_name:0 "Cilicia"
 aleppo_area_adj:0 "cilicio"
 syria_area_name:0 "Siria"
 syria_area_adj:0 "sirio"
 palestine_area_name:0 "Palestina"
 palestine_area_adj:0 "palestino"
 dulkadir_area_name:0 "Dulkadir"
 dulkadir_area_adj:0 "dulkadir"
 eastern_aegean_area_name:0 "Lesbos"
 eastern_aegean_area_adj:0 "lesbiano"
 western_aegean_area_name:0 "Eubea"
 western_aegean_area_adj:0 "eubeo"
 rakka_area_name:0 "Al Raqa"
 rakka_area_adj:0 "rakka"
 al_jazira_area_name:0 "Al-Yazira"
 al_jazira_area_adj:0 "yazirí"
 iraq_arabi_area_name:0 "Iraq"
 iraq_arabi_area_adj:0 "iraquí"
 basra_area_name:0 "Basora"
 south_kurdistan_area_name:0 "Sharazor"
 bahrain_area_name:0 "Baréin"
 bahrain_area_adj:0 "bareiní"
 najd_area_name:0 "Nechd"
 najd_area_adj:0 "najdi"
 hejaz_area_name:0 "Al-Hejaz"
 hejaz_area_adj:0 "hiyazí"
 yemen_area_name:0 "Yemen"
 yemen_area_adj:0 "yemení"
 hadramut_area_name:0 "Hadramaut"
 hadramut_area_adj:0 "hadramautí"
 oman_area_name:0 "Omán"
 oman_area_adj:0 "omaní"
 gharbia_area_name:0 "Alejandría"
 gharbia_area_adj:0 "alejandrino"
 sharqiya_area_name:0 "Sinaí"
 sharqiya_area_adj:0 "sinaíta"
 central_egypt_area_name:0 "Egipto"
 central_egypt_area_adj:0 "egipcio"
 upper_egypt_area_name:0 "Asuán"
 upper_egypt_area_adj:0 "asuano"
 libyan_desert_area_name:0 "Jariyá"
 libyan_desert_area_adj:0 "jariyá"
 cyrenaica_area:0 "Cirenaica"
 cyrenaica_area_name:0 "Cirenaica"
 cyrenaica_area_adj:0 "cirenaico"
 tripolitania_area_name:0 "Tripolitania"
 tripolitania_area_adj:0 "tripolitano"
 fezzan_area_name:0 "Fezán"
 fezzan_area_adj:0 "fezaní"
 tunisia_area_name:0 "Túnez"
 tunisia_area_adj:0 "tunecino"
 kabylia_area_name:0 "Cabilia"
 kabylia_area_adj:0 "cabileño"
 algiers_area_name:0 "Argel"
 algiers_area_adj:0 "argelino"
 north_saharan_area_name:0 "el-Djerid"
 north_saharan_area_adj:0 "eldjeridí"
 tafilalt_area_name:0 "Tafilalet"
 tafilalt_area_adj:0 "tafilaletio"
 sus_area_name:0 "Sus"
 sus_area_adj:0 "Susí"
 marrekesh_area_name:0 "Marrakech"
 marrekesh_area_adj:0 "marraquechí"
 fez_area_name:0 "Fez"
 fez_area_adj:0 "fecí"
 northern_morocco_area_name:0 "Ceuta"
 northern_morocco_area_adj:0 "ceutí"
 madagascar_area_name:0 "Madagascar"
 madagascar_area_adj:0 "malgache"
 zimbabwe_area_name:0 "Zimbabue"
 zimbabwe_area_adj:0 "zimbabuense"
 mozambique_area_name:0 "Mozambique"
 mozambique_area_adj:0 "mozambiqueño"
 central_swahili_coast_area_name:0 "Zanzíbar"
 central_swahili_coast_area_adj:0 "zanzbibareño"
 northern_swahili_coast_area_name:0 "Pate"
 northern_swahili_coast_area_adj:0 "Patés"
 ogaden_area_name:0 "Ogaden"
 ogaden_area_adj:0 "ogadeni"
 darfur_central_sahara_area_name:0 "Darfur"
 darfur_central_sahara_area_adj:0 "darfurí"
 kurdufan_area_name:0 "Kurdufan"
 kurdufan_area_adj:0 "kurdufani"
 lower_nubia_area_name:0 "Nubia"
 lower_nubia_area_adj:0 "nubio"
 upper_nubia_area_name:0 "Alodia"
 upper_nubia_area_adj:0 "alodio"
 red_sea_coast_area_name:0 "Medri Bahri"
 red_sea_coast_area_adj:0 "medribahri"
 tigray_area_name:0 "Tigray"
 tigray_area_adj:0 "tigrayés"
 ifat_area_name:0 "Ifat"
 ifat_area_adj:0 "ifatí"
 somaliland_area_name:0 "Somalia"
 somaliland_area_adj:0 "somalí"
 southern_ethiopia_area_name:0 "Kaffa"
 southern_ethiopia_area_adj:0 "kaffano"
 hadiya_area_name:0 "Hadiya"
 hadiya_area_adj:0 "hadiyí"
 central_ethiopia_area_name:0 "Etiopía"
 central_ethiopia_area_adj:0 "etíope"
 mogadishu_area_name:0 "Mogadiscio"
 ajuuran_area_name:0 "Ajuuran"
 ajuuran_area_adj:0 "ajuurano"
 majarteen_area_name:0 "Majerteen"
 majarteen_area_adj:0 "majerteení"
 mascarenes_area_name:0 "Mascareñas"
 mascarenes_area_adj:0 "mascareño"
 indian_ocean_islands_area_name:0 "Maldivas"
 indian_ocean_islands_area_adj:0 "maldivo"
 papua_area_name:0 "Papúa"
 papua_area_adj:0 "papú"
 melanesia_area_name:0 "Melanesia"
 melanesia_area_adj:0 "melanesio"
 micronesia_area_name:0 "Micronesia"
 micronesia_area_adj:0 "micronesio"
 western_australia_area_name:0 "Perth"
 western_australia_area_adj:0 "pertita"
 northern_australia_area_name:1 "Baiali"
 northern_australia_area_adj:1 "baialiano"
 eastern_australia_area_name:0 "Queensland"
 eastern_australia_area_adj:0 "reginense"
 southern_australia_area_name:0 "Victoria"
 southern_australia_area_adj:0 "victoriano"
 polynesia_area_name:0 "Polinesia"
 polynesia_area_adj:0 "polinesio"
 te_ika_a_maui_area_name:0 "Te Ika a Maui"
 te_ika_a_maui_area_adj:0 "maorino"
 te_waipounamu_area_name:0 "Te Waipounamu"
 te_waipounamu_area_adj:0 "maorino"
 western_sahara_area_name:0 "Azawad"
 western_sahara_area_adj:0 "azawadí"
 cap_verde_area_name:0 "Cabo Verde"
 cap_verde_area_adj:0 "caboverdiano"
 tekrur_area_name:0 "Tekrur"
 tekrur_area_adj:0 "tekrurí"
 baghena_area_name:0 "Baghena"
 baghena_area_adj:0 "baghenano"
 manding_area_name:0 "Mandinga"
 manding_area_adj:0 "mandinga"
 futa_jallon_area_name:0 "Futa Jallon"
 futa_jallon_area_adj:0 "futajalloni"
 massina_area_name:0 "Macina"
 massina_area_adj:0 "macinés"
 niger_bend_area_name:0 "Tombuctú"
 niger_bend_area_adj:0 "tombucteño"
 upper_volta_area_name:0 "Burkina Faso"
 upper_volta_area_adj:1 "burkinabés"
 kong_area_name:0 "Kong"
 kong_area_adj:0 "kong"
 lower_volta_area_name:0 "Volta"
 lower_volta_area_adj:0 "voltano"
 lower_niger_area_name:0 "Ondo"
 lower_niger_area_adj:0 "ondonés"
 hausa_area_name:0 "Hausalandia"
 hausa_area_adj:0 "hausa"
 bornu_area_name:0 "Bornu"
 bornu_area_adj:0 "bornuano"
 kanem_area_name:0 "Kanema"
 kanem_area_adj:0 "kanemano"
 adamawa_plateau_area_name:0 "Yola"
 adamawa_plateau_area_adj:0 "yolano"
 dendi_area_name:0 "Dendi"
 dendi_area_adj:0 "dendiano"
 azbin_area_name:0 "Air"
 azbin_area_adj:0 "airí"
 atacora_oueme_area_name:0 "Dahomey"
 atacora_oueme_area_adj:0 "dahomey"
 gulf_of_guinea_area_name:0 "Benin"
 gulf_of_guinea_area_adj:0 "beninés"
 west_africa_coast_area_name:0 "Costa Dorada"
 west_africa_coast_area_adj:0 "costadorado"
 guinea_coast_area_name:0 "Guinea"
 guinea_coast_area_adj:0 "guineano"
 south_atlantic_islands_area_name:0 "Tristán de Acuña"
 south_atlantic_islands_area_adj:0 "tristánacuño"
 kongo_area_name:0 "Congo"
 kongo_area_adj:0 "congolés"
 angola_namibia_area_name:0 "Angola"
 angola_namibia_area_adj:0 "angoleño"
 west_congo_area_name:0 "Loango"
 west_congo_area_adj:0 "loangués"
 cape_of_good_hope_area_name:0 "Cabo de Buena Esperanza"
 cape_of_good_hope_area_adj:0 "del Cabo"
 south_african_plateau_area_name:0 "Sudáfrica"
 south_african_plateau_area_adj:0 "sudáfricano"
 makran_area_name:0 "Makran"
 makran_area_adj:0 "Makraní"
 sistan_area_name:0 "Sistán"
 sistan_area_adj:0 "sistání"
 kalat_area_name:0 "Kalat"
 kalat_area_adj:0 "kalatí"
 ferghana_area_name:0 "Ferghana"
 ferghana_area_adj:0 "ferghano"
 arys_area_name:0 "Arys"
 arys_area_adj:0 "arysano"
 kabulistan_area_name:0 "Kabulistán"
 kabulistan_area_adj:0 "kabulistaní"
 ghor_area_name:0 "Ghor"
 ghor_area_adj:0 "ghor"
 transoxiana_area_name:0 "Transoxiana"
 transoxiana_area_adj:0 "transoxiano"
 khiva_area_name:0 "Khiva"
 khiva_area_adj:0 "khivés"
 transcaspia_area_name:0 "Turkmenistán"
 transcaspia_area_adj:0 "turcómano"
 khorasan_area_name:0 "Jorasán"
 khorasan_area_adj:0 "jorasaní"
 merv_area_name:0 "Merv"
 merv_area_adj:0 "merví"
 luristan_area_name:0 "Luristán"
 luristan_area_adj:0 "luristaní"
 balkh_area_name:0 "Balkh"
 balkh_area_adj:0 "balkhí"
 kerman_area_name:0 "Kermán"
 kerman_area_adj:0 "kermaní"
 farsistan_area_name:0 "Farsistan"
 farsistan_area_adj:0 "farsistaní"
 iraq_e_ajam_area_name:0 "Persia"
 iraq_e_ajam_area_adj:0 "persa"
 isfahan_area_name:0 "Isfahan"
 isfahan_area_adj:0 "isfahaní"
 azerbaijan_area_name:0 "Azerbayán"
 azerbaijan_area_adj:0 "azerbayano"
 tabarestan_area_name:0 "Tabarestán"
 tabarestan_area_adj:0 "tabarestaní"
 upper_doab_area_name:0 "Delhi"
 upper_doab_area_adj:0 "delí"
 sirhind_area_name:0 "Sirhind"
 sirhind_area_adj:0 "sirhindí"
 central_doab_area_name:0 "Agra"
 central_doab_area_adj:0 "agrano"
 oudh_area_name:0 "Oudh"
 oudh_area_adj:0 "oudí"
 purvanchal_area_name:0 "Jaunpur"
 purvanchal_area_adj:0 "jaunpurí"
 lower_doab_area_name:0 "Kalpi"
 lower_doab_area_adj:0 "kalpí"
 lahore_area_name:0 "Lahore"
 lahore_area_adj:0 "lahorí"
 multan_area_name:0 "Multan"
 multan_area_adj:0 "multaní"
 west_bengal_area_name:0 "Bengala"
 west_bengal_area_adj:0 "bengalí"
 naga_hills_area_name:0 "Nagalandia"
 naga_hills_area_adj:0 "nagalí"
 east_bengal_area_name:1 "Dacca"
 east_bengal_area_adj:1 "daccano"
 bihar_area_name:0 "Bihar"
 bihar_area_adj:0 "biharí"
 jharkhand_area_name:0 "Jharkhand"
 jharkhand_area_adj:0 "jharkhandí"
 gondwana_area_name:0 "Gondwana"
 gondwana_area_adj:0 "gondi"
 orissa_area_name:0 "Orissa"
 orissa_area_adj:0 "orissa"
 garjat_area_name:0 "Garjat"
 garjat_area_adj:0 "garjatí"
 telingana_area_name:0 "Telingana"
 telingana_area_adj:0 "telingano"
 andhra_area_name:0 "Andhra"
 andhra_area_adj:0 "andrano"
 rayalaseema_area_name:0 "Vijayanagara"
 rayalaseema_area_adj:0 "vijayanagara"
 kerala_area_name:0 "Malabar"
 kerala_area_adj:0 "malabar"
 malwa_area_name:0 "Malwa"
 malwa_area_adj:0 "malwí"
 mewar_area_name:0 "Mewar"
 mewar_area_adj:0 "mewarí"
 marwar_area_name:0 "Marwar"
 marwar_area_adj:0 "marwarí"
 jaipur_area_name:0 "Jaipur"
 jaipur_area_adj:0 "jaipur"
 sindh_area_name:0 "Sindh"
 sindh_area_adj:0 "sindí"
 carnatic_area_name:0 "Carnatic"
 carnatic_area_adj:0 "carnático"
 coromandel_area_name:0 "Coromandel"
 coromandel_area_adj:0 "coromandel"
 madura_area_name:0 "Madurai"
 madura_area_adj:0 "maduraino"
 konkan_area_name:0 "Chaul"
 konkan_area_adj:0 "chaulí"
 kanara_area_name:0 "Kanara"
 kanara_area_adj:0 "kanara"
 maidan_area_name:0 "Bijapur"
 maidan_area_adj:0 "bijapurí"
 mysore_area_name:0 "Mysore"
 mysore_area_adj:0 "mysore"
 maharashtra_area_name:0 "Maharastra"
 maharashtra_area_adj:0 "maharastra"
 desh_area_name:0 "Pune"
 desh_area_adj:0 "punés"
 assam_area_name:0 "Assam"
 assam_area_adj:0 "assamés"
 himalayan_hills_area_name:0 "Garhwal"
 himalayan_hills_area_adj:0 "garhwalí"
 nepal_area_name:0 "Nepal"
 nepal_area_adj:0 "nepalí"
 kashmir_area_name:0 "Cachemira"
 kashmir_area_adj:0 "cachemir"
 lanka_area_name:0 "Lanka"
 lanka_area_adj:0 "lankano"
 gujarat_area_name:0 "Gujarat"
 gujarat_area_adj:0 "gujaratí"
 tapti_area_name:0 "Baroda"
 tapti_area_adj:0 "baroda"
 saurashtra_area_name:0 "Saurashtra"
 saurashtra_area_adj:0 "saurashtra"
 upper_burma_area_name:0 "Ava"
 upper_burma_area_adj:0 "ava"
 lower_burma_area_name:0 "Birmania"
 lower_burma_area_adj:0 "birmano"
 kachin_area_name:0 "Kachin"
 kachin_area_adj:0 "kachin"
 shan_hill_area_adj:0 "shan"
 shan_hill_area_name:0 "Shan"
 malaya_area_name:0 "Malasia"
 malaya_area_adj:0 "malayo"
 khorat_area_name:0 "Khorat"
 khorat_area_adj:0 "khorat"
 champa_area_name:0 "Champa"
 champa_area_adj:0 "champa"
 cambodia_area_name:0 "Camboya"
 cambodia_area_adj:0 "camboyano"
 mekong_area_name:0 "Phnom Penh"
 mekong_area_adj:0 "phnompenhano"
 tenasserim_area_name:0 "Ligor"
 tenasserim_area_adj:0 "Ligor"
 vietnam_area_name:0 "Tonkin"
 south_laos_area_name:0 "Vientián"
 south_laos_area_adj:0 "vientianita"
 north_laos_area_name:0 "Luang Prabang"
 north_laos_area_adj:0 "luangprabangués"
 central_thai_area_name:0 "Ayutthaya"
 central_thai_area_adj:0 "ayutthaya"
 northern_thai_area_name:0 "Lan Na"
 northern_thai_area_adj:0 "lan Na"
 great_moluccas_area_name:0 "Islas Molucas"
 great_moluccas_area_adj:0 "moluco"
 luzon_area_name:0 "Luzón"
 luzon_area_adj:0 "luzonés"
 north_sumatra_area_name:0 "Lamuri"
 north_sumatra_area_adj:0 "lamurí"
 central_sumatra_area_name:0 "Jambi"
 central_sumatra_area_adj:0 "jambí"
 south_sumatra_area_name:0 "Bengkulu"
 south_sumatra_area_adj:0 "bengkuluano"
 east_java_area_name:0 "Sunda"
 east_java_area_adj:0 "sundo"
 central_java_area_name:0 "Sunda"
 central_java_area_adj:0 "sundo"
 west_java_area_name:0 "Kediri"
 west_java_area_adj:0 "kediri"
 kutai_area_name:0 "Kutai"
 kutai_area_adj:0 "kutai"
 brunei_area_name:0 "Brunéi"
 brunei_area_adj:0 "brunei"
 kalimantan_area_name:0 "Kalimantán"
 kalimantan_area_adj:0 "kalimantán"
 molluca_area_name:0 "Ternate"
 molluca_area_adj:0 "ternate"
 lesser_sunda_islands_area_name:0 "Bali"
 lesser_sunda_islands_area_adj:0 "balinés"
 sulawesi_area_name:0 "Palu"
 sulawesi_area_adj:0 "paluano"
 north_korea_area_name:0 "Pyongan"
 north_korea_area_adj:0 "pyonganés"
 central_korea_area_name:0 "Corea"
 central_korea_area_adj:0 "coreano"
 south_korea_area_name:0 "Jeolla"
 south_korea_area_adj:0 "jeollano"
 hokkaido_area_name:0 "Hokkaido"
 hokkaido_area_adj:0 "hokkaido"
 kyushu_area_name:0 "Kyushu "
 kyushu_area_adj:0 "kyushu"
 chubu_area_name:0 "Chubu"
 chubu_area_adj:0 "chubu"
 kanto_thoku_area_name:0 "Kanto"
 kanto_thoku_area_adj:0 "kanto"
 kansai_area_name:0 "Kansai"
 kansai_area_adj:0 "kansai"
 chugoku_area_name:0 "Chugoku"
 chugoku_area_adj:0 "chugoku"
 kamchatka_area_name:0 "Kamchatka"
 kamchatka_area_adj:0 "kamchatko"
 magadan_area_name:0 "Magadán"
 magadan_area_adj:0 "magadán"
 okhotsk_area_name:0 "Okhotsk"
 okhotsk_area_adj:0 "okhotsk"
 yakutia_area_name:0 "Yakutia"
 yakutia_area_adj:0 "yakuto"
 buryatia_area_name:0 "Buryatia"
 buryatia_area_adj:0 "buryatio"
 tunguska_area_name:0 "Tunguska"
 tunguska_area_adj:0 "tunguskano"
 central_siberia_area_name:0 "Siberia"
 central_siberia_area_adj:0 "siberiano"
 ob_area_name:0 "Pegaya Orda"
 ob_area_adj:0 "pegayaordano"
 irkutsk_area_name:0 "Irkutsk"
 irkutsk_area_adj:0 "irkutski"
 perm_area_name:0 "Perm"
 perm_area_adj:0 "permano"
 balchasj_area_name:0 "Nadym"
 balchasj_area_adj:0 "nadym"
 kazakhstan_area_name:0 "Kazajstán"
 kazakhstan_area_adj:0 "kazajstaní"
 yrtesh_area_name:0 "Kerey"
 yrtesh_area_adj:0 "kerey"
 japan_region_name:0 "Japón"
 japan_region_adj:0 "japonés"
 korea_region_name:0 "Corea"
 korea_region_adj:0 "coreano"
 australia_region_name:0 "Australia"
 australia_region_adj:0 "australiano"
 new_zealand_region:0 "Nueva Zelanda"
 new_zealand_region_name:0 "Nueva Zelanda"
 new_zealand_region_adj:0 "neozelandés"
 south_china_region_name:0 "Guangdong"
 south_china_region_adj:0 "guangdong"
 xinan_region_name:0 "Xinan"
 xinan_region_adj:0 "xinan"
 north_china_region_name:0 "China"
 north_china_region_adj:0 "chino"
 brazil_region:0 "Brasil"
 brazil_region_name:0 "Brasil"
 brazil_region_adj:0 "brasileño"
 la_plata_region:0 "La Plata"
 la_plata_region_name:0 "La Plata"
 la_plata_region_adj:0 "platense"
 chile_region_name:0 "Chile"
 chile_region_adj:0 "chileno"
 colombia_region_name:0 "Colombia"
 colombia_region_adj:0 "colombiano"
 peru_region_name:0 "Perú"
 peru_region_adj:0 "peruano"
 indonesia_region_name:0 "Indonesia"
 indonesia_region_adj:0 "indonesio"
 oceanea_region_name:0 "Oceania"
 oceanea_region_adj:0 "oceánico"
 indo_china_region_name:0 "Indochina"
 indo_china_region_adj:0 "indochino"
 canada_region:0 "Canadá"
 canada_region_name:0 "Canadá"
 canada_region_adj:0 "canadiense"
 great_lakes_region_name:0 "Wisconsin"
 great_lakes_region_adj:0 "wisconsiano"
 northeast_america_region_name:0 "Pennsylvania"
 northeast_america_region_adj:0 "pennsylvano"
 great_plains_region_name:0 "Nebraska"
 great_plains_region_adj:0 "nebraskeño"
 california_region_name:0 "California"
 california_region_adj:0 "californiano"
 cascadia_region_name:0 "Cascadia"
 cascadia_region_adj:0 "cascadio"
 hudson_bay_region:0 "Manitoba"
 hudson_bay_region_name:0 "Manitoba"
 hudson_bay_region_adj:0 "manitobense"
 mexico_region_name:0 "México"
 mexico_region_adj:0 "mexicano"
 central_america_region_name:0 "Guatemala"
 central_america_region_adj:0 "guatemalteco"
 carribeans_region_name:0 "Caribe "
 carribeans_region_adj:0 "caribeño"
 south_indian_ocean_area:0 "Océano Índico Meridional"
 south_indian_ocean_region:0 "Sur del Océano Indico"
 central_africa_region_name:0 "África"
 central_africa_region_adj:0 "africano"
 europe_superregion_name:0 "Europa"
 europe_superregion_adj:0 "europeo"
 north_america_superregion_name:0 "Estados Unidos"
 north_america_superregion_adj:0 "estadounidense"
 africa_superregion_name:0 "África"
 africa_superregion_adj:0 "Áfricano"
 south_america_superregion_name:0 "Colombia"
 south_america_superregion_adj:0 "colombiano"
 central_america_superregion_name:0 "México"
 central_america_superregion_adj:0 "mexicano"
 china_superregion_name:0 "China"
 china_superregion_adj:0 "chino"
 east_indies_superregion_name:0 "Indonesia"
 east_indies_superregion_adj:0 "indonesio"
 india_superregion_name:0 "India"
 india_superregion_adj:0 "indio"
 near_east_superregion_name:0 "Anatolia"
 near_east_superregion_adj:0 "anatolio"
 persia_superregion_name:0 "Persia"
 persia_superregion_adj:0 "persa"
 kenya_area_adj:0 "keniata"
 andaman_sea_area:0 "Mar de Andamán"
 basra_area_adj:0 "basorí"
 south_kurdistan_area_adj:0 "shahrizorí"
 zambezi_area_name:0 "Zambeze"
 zambezi_area_adj:0 "zambezí"
 mogadishu_area_adj:0 "mogadisciano"
 north_bengal_area_name:0 "Koch"
 north_bengal_area_adj:0 "kochi"
 ishim_area_name:0 "Tiumén"
 ishim_area_adj:0 "tiumén"
 heilongjiang_area_name:0 "Heilongjiang"
 heilongjiang_area_adj:0 "heilongjiangí"
 jilin_area_name:0 "Jilin"
 jilin_area_adj:0 "jilín"
 ilan_hala_area_name:0 "Ilin Hala"
 ilan_hala_area_adj:0 "ilinhalano"
 liaoning_area_name:0 "Liaoning"
 liaoning_area_adj:0 "liaoningí"
 ordos_area_name:0 "Ordos"
 ordos_area_adj:0 "ordo"
 inner_mongolia_area_name:0 "Chahar"
 inner_mongolia_area_adj:0 "chaharí"
 outer_mongolia_area_name:0 "Mongolia"
 outer_mongolia_area_adj:0 "mongol"
 altai_sayan_area_name:0 "Altai Sayanes"
 altai_sayan_area_adj:0 "altaisayanés"
 tarim_basin_area_name:0 "Altishahr"
 tarim_basin_area_adj:0 "altishar"
 zungaria_area_name:1 "Zungaria"
 zungaria_area_adj:1 "zungaro"
 jetysuu_area_name:0 "Jetysuu"
 jetysuu_area_adj:0 "jetysuno"
 amdo_area_name:0 "Amdo"
 amdo_area_adj:0 "amdo"
 kham_area_name:0 "Kham"
 kham_area_adj:0 "kham"
 utsang_area_name:2 "Tsang"
 utsang_area_adj:2 "tsang"
 hebei_area_name:0 "Hebei"
 hebei_area_adj:0 "hebei"
 shandong_area_name:0 "Shandong"
 shandong_area_adj:0 "shandongí"
 jiangsu_area_name:0 "Jiangsu"
 jiangsu_area_adj:0 "jiangsuno"
 anhui_area_name:0 "Anhui"
 anhui_area_adj:0 "anhuí"
 zhejiang_area_name:0 "Zhejiang"
 zhejiang_area_adj:0 "zhejiangí"
 jiangxi_area_name:0 "Jiangxi"
 jiangxi_area_adj:0 "jiangxí"
 fujian_area_name:0 "Fujian"
 fujian_area_adj:0 "fujiano"
 taiwan_area_name:0 "Taiwán"
 taiwan_area_adj:0 "taiwanés"
 guangdong_area_name:0 "Guangdong"
 guangdong_area_adj:0 "guangdongí"
 guangxi_area_name:0 "Guangxi"
 guangxi_area_adj:0 "guangxí"
 yun_gui_area_name:0 "Yun-Gui"
 yun_gui_area_adj:0 "yunguí"
 sichuan_area_name:0 "Sichuan"
 sichuan_area_adj:0 "sichuan"
 huguang_area_name:0 "Huguang"
 huguang_area_adj:0 "huguang"
 henan_area_name:0 "Henan"
 henan_area_adj:0 "henan"
 shanxi_area_name:0 "Shanxi"
 shanxi_area_adj:0 "shanxi"
 shaanxi_area_name:0 "Shaanxi"
 shaanxi_area_adj:0 "shaanxi"
 gansu_area_name:0 "Gansu"
 gansu_area_adj:0 "gansu"
 rio_grande_do_sol_area_name:0 "Brasil"
 rio_grande_do_sol_area_adj:0 "brasileño"
 minas_gerais_area_name:1 "Minas Gerais"
 minas_gerais_area_adj:1 "mineiro"
 goias_area_name:0 "Goias"
 goias_area_adj:0 "goiano"
 mato_grosso_area_name:0 "Grosso"
 mato_grosso_area_adj:0 "grossense"
 guapore_area_name:0 "Guapore"
 guapore_area_adj:0 "guapore"
 sao_paolo_area_name:0 "Sao Paulo"
 sao_paolo_area_adj:0 "paulista"
 rio_de_janeiro_area_name:0 "Rio de Janeiro"
 rio_de_janeiro_area_adj:0 "fluminense"
 bahia_area_name:0 "Bahía"
 bahia_area_adj:0 "baiano"
 pernambuco_area_name:0 "Pernambuco"
 pernambuco_area_adj:0 "pernambucano"
 sao_francisco_area_name:0 "Paratinga"
 sao_francisco_area_adj:0 "paratinga"
 maranhao_area_name:0 "Maranhao"
 maranhao_area_adj:0 "marañense"
 grao_para_area_name:0 "Belem"
 grao_para_area_adj:0 "belenense"
 amazon_area_name:0 "Amazonia"
 amazon_area_adj:0 "amazanio"
 paraguay_area_name:0 "Paraguay"
 paraguay_area_adj:0 "paraguayo"
 patagonia_area_name:0 "Patagonia"
 patagonia_area_adj:0 "patagón"
 cuyo_area_name:0 "Cuyo"
 cuyo_area_adj:0 "cuyano"
 southern_pampas_area_name:0 "Pampa"
 southern_pampas_area_adj:0 "pampeano"
 buenos_aires_area_name:0 "Buenos Aires"
 buenos_aires_area_adj:0 "porteño"
 tucuman_area_name:0 "Tucumán"
 tucuman_area_adj:0 "tucumano"
 chaco_area_name:0 "Chaco"
 chaco_area_adj:0 "chaqueño"
 banda_oriental_area_name:0 "Uruguay"
 banda_oriental_area_adj:0 "uruguayo"
 guyana_area_name:0 "Guyana"
 guyana_area_adj:0 "guyano"
 upper_guyana_area_name:0 "Angostura"
 upper_guyana_area_adj:0 "angostureño"
 quito_area_name:0 "Quito"
 quito_area_adj:0 "quiteño"
 venezuela_area_name:0 "Venezuela"
 venezuela_area_adj:0 "venezolano"
 eastern_llanos_name:0 "Zaraza"
 eastern_llanos_adj:0 "zarazano"
 western_llanos_name:0 "Meta"
 western_llanos_adj:0 "metense"
 bogota_area_name:0 "Bogotá"
 bogota_area_name_adj:0 "bogotano"
 popayan_area_name:0 "Popayán"
 popayan_area_adj:0 "payanés"
 coquivacoa_area_name:0 "Coquivacoa"
 coquivacoa_area_adj:0 "coquivacoano"
 northern_chile_area_name:0 "Chile"
 northern_chile_area_adj:0 "chileno"
 central_chile_area_name:0 "Picunmapu"
 central_chile_area_adj:0 "picunmapu"
 southern_chile_area_name:0 "Aysen"
 southern_chile_area_adj:0 "aysenino"
 antisuyu_area_name:0 "Bolivia"
 antisuyu_area_adj:0 "boliviano"
 kuntisuyu_area_name:0 "Perú"
 kuntisuyu_area_adj:0 "peruano"
 chimor_area_name:0 "Chimú"
 chimor_area_adj:0 "chimú"
 ucayali_area_name:0 "Ucayali"
 ucayali_area_adj:0 "ucayalino"
 cajamarca_area_name:0 "Cajamarca"
 cajamarca_area_adj:0 "cajamarquino"
 huanuco_area_name:0 "Huánuco"
 huanuco_area_adj:0 "huanuqueño"
 beni_area_name:0 "Beni"
 beni_area_adj:0 "beniano"
 upper_peru_name:0 "Potosí"
 upper_peru_adj:0 "potosino"
 great_woods_area_name:0 "Abenaki"
 great_woods_area_adj:0 "abenaki"
 massachusetts_bay_area_name:0 "Massachusetts"
 massachusetts_bay_area_adj:0 "massachusettense"
 connecticut_valley_area_name:0 "Connecticut"
 connecticut_valley_area_adj:0 "conectiqués"
 hudson_valley_area_name:0 "Hudsonia"
 hudson_valley_area_adj:0 "hudsonio"
 delaware_valley_area_name:0 "Delaware"
 delaware_valley_area_adj:0 "delawareño"
 iroquoisia_area_name:0 "Iroqués"
 iroquoisia_area_adj:0 "iroqués"
 susquehanna_area_name:0 "Susquehanna"
 susquehanna_area_adj:0 "susquehanno"
 chesapeake_area_name:0 "Chesapeake"
 chesapeake_area_adj:0 "chesapeake"
 great_valley_area_name:0 "Shenandoah"
 great_valley_area_adj:0 "shenandoah"
 piedmont_north_america_area_name:0 "Piedmont"
 piedmont_north_america_area_adj:0 "piedmontino"
 carolinas_area_name:0 "Carolina"
 carolinas_area_adj:0 "carolino"
 american_georgia_area_name:0 "Georgia"
 american_georgia_area_adj:0 "georgiano"
 florida_area_name:0 "Florida"
 florida_area_adj:0 "floridano"
 appalachia_area_name:0 "Apalaches"
 appalachia_area_adj:0 "apalachense"
 west_florida_area_name:0 "Mobile"
 west_florida_area_adj:0 "mauvilano"
 mississippi_area_name:0 "Misisipi"
 mississippi_area_adj:0 "misisipiano"
 alabama_area_name:0 "Alabama"
 alabama_area_adj:0 "alabamiense"
 kentucky_area_name:0 "Kentucky"
 kentucky_area_adj:0 "kentuckiano"
 ohio_country_area_name:0 "Ohio"
 ohio_country_area_adj:0 "ohioano"
 illinois_country_area_name:0 "Illinois"
 illinois_country_area_adj:0 "ilinés"
 michigan_area_name:0 "Michigan"
 michigan_area_adj:0 "michiguense"
 lake_superior_area_name:0 "Mesquakie"
 lake_superior_area_adj:0 "mesquakie"
 lower_louisiana_area_name:0 "Arkansas"
 lower_louisiana_area_adj:0 "arkansano"
 upper_louisiana_area_name:0 "Misuri"
 upper_louisiana_area_adj:0 "misuriano"
 ozarks_area_name:0 "Pahatsi"
 ozarks_area_adj:0 "pahatsi"
 lower_plains_area_name:0 "Kansas"
 lower_plains_area_adj:0 "kanseño"
 high_plains_area_name:0 "Arapajó"
 high_plains_area_adj:0 "arapajó"
 dakota_area_name:0 "Dakota"
 dakota_area_adj:0 "dakoteño"
 upper_missouri_area_name:0 "Montana"
 upper_missouri_area_adj:0 "montanés"
 badlands_area_name:0 "Wyoming"
 badlands_area_adj:0 "wyominguita"
 llano_estacado_area_name:0 "Llano Estacado"
 llano_estacado_area_adj:0 "llanoestaqueño"
 texas_area_name:0 "Tejas"
 texas_area_adj:0 "tejano"
 rio_grande_area_name:0 "Matamoros"
 rio_grande_area_adj:0 "matamorense"
 new_mexico_area_name:0 "Nuevo México"
 new_mexico_area_adj:0 "neomexicano"
 colorado_plateau_area_name:0 "Colorado"
 colorado_plateau_area_adj:0 "coloradino"
 arizona_area_name:0 "Arizona"
 arizona_area_adj:0 "arizonaniano"
 california_area_name:0 "California"
 california_area_adj:0 "californiano"
 central_valley_area_name:0 "Sacramento"
 central_valley_area_adj:0 "sacramentino"
 oregon_area_name:0 "Oregón"
 oregon_area_adj:0 "oregoniano"
 columbia_river_area_name:0 "Columbia"
 columbia_river_area_adj:0 "columbiano"
 snake_river_area_name:0 "Nimiipuu"
 snake_river_area_adj:0 "nimiipuu"
 salish_sea_area_name:0 "Squamish"
 salish_sea_area_adj:0 "squamish"
 interior_plateau_area_name:0 "Dakelh"
 interior_plateau_area_adj:0 "dakelhiano"
 hecate_strait_area_name:0 "Kwakiutl"
 hecate_strait_area_adj:0 "kwakiutl"
 alaska_area_name:0 "Alaska"
 alaska_area_adj:0 "alaskeño"
 lower_acadia_area_name:0 "Nueva Escocia"
 lower_acadia_area_adj:0 "novoescocés"
 upper_acadia_area_name:0 "Acadia"
 upper_acadia_area_adj:0 "acadiano"
 newfoundland_area_name:0 "Terranova"
 newfoundland_area_adj:0 "terranovense"
 labrador_area_name:0 "Labrador"
 labrador_area_adj:0 "labradoriano"
 cote_nord_area_name:0 "Manicouagan"
 cote_nord_area_adj:0 "manicouagan"
 notre_dame_mountains_area_name:0 "Kespek"
 notre_dame_mountains_area_adj:0 "kespek"
 lower_canada_area_name:0 "Canadá"
 lower_canada_area_adj:0 "canadiense"
 upper_canada_area_name:0 "Ottawa"
 upper_canada_area_adj:0 "otawés"
 laurentian_area_name:0 "Laurentia"
 laurentian_area_adj:0 "laurentino"
 upper_ontario_area_name:0 "Ontario"
 upper_ontario_area_adj:0 "ontariano"
 huronia_area_name:0 "Huronia"
 huronia_area_adj:0 "hurón"
 james_bay_area_name:0 "Mosoni"
 james_bay_area_adj:0 "mosoni"
 hudson_bay_area_name:0 "Kuugjuaq"
 hudson_bay_area_adj:0 "kuugjuaq"
 red_river_area_name:0 "Winnipeg"
 red_river_area_adj:0 "winipegués"
 saskatchewan_area_name:0 "Saskatchewan"
 saskatchewan_area_adj:0 "saskatchewaniano"
 prairies_area_name:0 "Alberta"
 prairies_area_adj:0 "albertano"
 athabasca_area_name:0 "Athabasca"
 athabasca_area_adj:0 "athabasco"
 northeast_mexico_area_name:0 "Tamaulipas"
 northeast_mexico_area_adj:0 "tamaulipeco"
 durango_area_name:0 "Durango"
 durango_area_adj:0 "duranguense"
 sonora_y_sinaloa_area_name:0 "Sinaloa"
 sonora_y_sinaloa_area_adj:0 "sinaloense"
 baja_california_area_name:0 "Guaycura"
 baja_california_area_adj:0 "guaycura"
 jalisco_area_name:0 "Jalisco"
 jalisco_area_adj:0 "jalisciense"
 michoacan_area_name:0 "Michoacán"
 michoacan_area_adj:0 "michoacano"
 gran_chichimeca_area_name:0 "Chichimequia"
 gran_chichimeca_area_adj:0 "chichimeco"
 mexico_area_name:0 "México"
 mexico_area_adj:0 "mexicano"
 guerrero_area_name:0 "Guerrero"
 guerrero_area_adj:0 "guerrerense"
 oaxaca_area_name:0 "Oaxaca"
 oaxaca_area_adj:0 "oaxaqueño"
 eastern_mexico_area_name:0 "Xalapa"
 eastern_mexico_area_adj:0 "xalapeño"
 chiapas_area_name:0 "Chiapas"
 chiapas_area_adj:0 "chiapaneco"
 yucatan_area_name:0 "Yucatán"
 yucatan_area_adj:0 "yucateco"
 guatemala_area_name:0 "Guatemala"
 guatemala_area_adj:0 "guatemalteco"
 honduras_area_name:0 "Honduras"
 honduras_area_adj:0 "hondureño"
 nicaragua_area_name:0 "Nicaragua"
 nicaragua_area_adj:0 "nicaragüense"
 panama_area_name:0 "Panamá"
 panama_area_adj:0 "panameño"
 cuba_area_name:0 "Cuba"
 cuba_area_adj:0 "cubano"
 hispaniola_area_name:0 "La Española"
 hispaniola_area_adj:0 "españolense"
 greater_antilles_area_name:0 "Jamaica"
 greater_antilles_area_adj:0 "jamaicano"
 leeward_islands_area_name:0 "Guadalupe"
 leeward_islands_area_adj:0 "guadalupense"
 windward_islands_area_name:0 "Trinidad"
 windward_islands_area_adj:0 "trinitense"
 france_region_name:0 "Francia"
 france_region_adj:0 "francés"
 scandinavia_region_name:0 "Escandinavia"
 scandinavia_region_adj:0 "escandinavo"
 low_countries_region_name:0 "Países bajos"
 low_countries_region_adj:0 "holandés"
 italy_region_name:0 "Italia"
 italy_region_adj:0 "italiano"
 iberia_region_name:0 "Iberia"
 iberia_region_adj:0 "ibérico"
 germany_region_name:0 "Alemania"
 germany_region_adj:0 "alemán"
 russia_region_name:0 "Rusia"
 russia_region_adj:0 "ruso"
 british_isles_region_name:0 "Gran Bretaña"
 british_isles_region_adj:0 "británico"
 baltic_region_name:0 "Báltico"
 baltic_region_adj:0 "balto"
 poland_region_name:0 "Polonia"
 poland_region_adj:0 "polaco"
 ruthenia_region_name:0 "Rutenia"
 ruthenia_region_adj:0 "ruteno"
 crimea_region_name:0 "Crimea"
 crimea_region_adj:0 "crimeo"
 balkan_region_name:0 "Yugoslavia"
 balkan_region_adj:0 "yugoslavo"
 carpathia_region_name:0 "Carpatia"
 carpathia_region_adj:0 "cárpato"
 egypt_region:0 "Egipto"
 egypt_region_name:0 "Egipto"
 egypt_region_adj:0 "egipcio"
 maghreb_region:0 "Magreb"
 maghreb_region_name:0 "Magreb"
 maghreb_region_adj:0 "magrebí"
 mashriq_region_name:0 "Mashriq"
 mashriq_region_adj:0 "mashriq"
 anatolia_region_name:0 "Anatolia"
 anatolia_region_adj:0 "anatolio"
 persia_region_name:0 "Persia"
 persia_region_adj:0 "persa"
 khorasan_region:0 "Jorasán"
 khorasan_region_name:0 "Jorasán"
 khorasan_region_adj:0 "jorasaní"
 baluchistan_region:0 "Beluchistán"
 baluchistan_region_name:0 "Beluchistán"
 baluchistan_region_adj:0 "baluchí"
 caucasia_region_name:0 "Caucasia"
 caucasia_region_adj:0 "caucásico"
 arabia_region_name:0 "Arabia"
 arabia_region_adj:0 "árabe"
 west_africa_region_name:0 "Guinea"
 west_africa_region_adj:0 "guineano"
 horn_of_africa_region_name:0 "Somalia"
 horn_of_africa_region_adj:0 "somalí"
 east_africa_region_name:0 "Suajilia"
 east_africa_region_adj:0 "suajili"
 kongo_region_name:0 "Congo"
 kongo_region_adj:0 "congoleño"
 central_asia_region_name:0 "Tartaria"
 central_asia_region_adj:0 "tártaro"
 south_africa_region_name:0 "Cabo"
 south_africa_region_adj:0 "cabotano"
 siberia_region_name:0 "Siberia"
 siberia_region_adj:0 "siberiano"
 mongolia_region_name:0 "Mongolia"
 mongolia_region_adj:0 "mongol"
 manchuria_region_name:0 "Manchuria"
 manchuria_region_adj:0 "manchú"
 tibet_region_name:0 "Tíbet"
 tibet_region_adj:0 "tibetano"
 bengal_region:0 "Bengala"
 bengal_region_name:0 "Bengala"
 bengal_region_adj:0 "bengalí"
 hindusthan_region_name:0 "Hindustán"
 hindusthan_region_adj:0 "hindustano"
 rajputana_region:0 "Rajputana"
 rajputana_region_name:0 "Rajputana"
 rajputana_region_adj:0 "rajputano"
 deccan_region_name:0 "Decán"
 deccan_region_adj:0 "decaní"
 coromandel_region:0 "Coromandel"
 coromandel_region_name:0 "Coromandel"
 coromandel_region_adj:0 "coromandel"
 west_india_region_name:0 "Gujarat"
 west_india_region_adj:0 "gujaratí"
 burma_region_name:0 "Birmania"
 burma_region_adj:0 "birmano"
 southeast_america_region_name:0 "Virginia"
 southeast_america_region_adj:0 "virginiano"
 kenya_area_name:0 "Kenia"
 sahel_region:0 "Sahel"
 sahel_region_name:0 "Sahel"
 sahel_region_adj:0 "saheliano"
 uganda_area:0 "Uganda"
 uganda_area_name:0 "Uganda"
 uganda_area_adj:0 "ugandés"
 rwanda_area:0 "Ruanda"
 rwanda_area_name:0 "Ruanda"
 rwanda_area_adj:0 "ruandés"
 jubba_area:0 "Jubba"
 jubba_area_name:0 "Jubba"
 jubba_area_adj:0 "jubba"
 tanzania_area:0 "Tanzania"
 tanzania_area_name:0 "Tanzania"
 tanzania_area_adj:0 "tanzano"
 buha_area:0 "Buha"
 buha_area_name:0 "Buha"
 buha_area_adj:0 "buha"
 buzinza_area:0 "Buzinza"
 buzinza_area_name:0 "Buzinza"
 buzinza_area_adj:0 "buzinzo"
 luba_area:0 "Luba"
 luba_area_name:0 "Luba"
 luba_area_adj:0 "luba"
 katanga_area:0 "Shaba"
 katanga_area_name:0 "Katanga"
 katanga_area_adj:0 "katangueño"
 zambia_area:0 "Zambia"
 zambia_area_name:0 "Zambia"
 zambia_area_adj:0 "zambiano"
 lower_zambezi_area:0 "Zambeze inferior"
 lower_zambezi_area_name:0 "Zambeze"
 lower_zambezi_area_adj:0 "zambezí"
 upper_zambezi_area:0 "Zambeze superior"
 upper_zambezi_area_name:0 "Nsenga"
 upper_zambezi_area_adj:0 "nsenga"
 coastal_kongo:0 "Costa Congolesa"
 coastal_kongo_name:0 "Soyo"
 coastal_kongo_adj:0 "soyo"
 lower_kasai:0 "Kasai inferior"
 lower_kasai_name:0 "Tyo"
 lower_kasai_adj:0 "tyo"
 sankuru_area:0 "Sankuru"
 sankuru_area_adj:0 "sankuru"
 sankuru_area_name:0 "sankuru"
 kasai_area:0 "Kasai"
 kasai_area_name:0 "Kasai"
 kasai_area_adj:0 "kasai"
 matamba_area:0 "Matamba"
 matamba_area_name:0 "Matamba"
 matamba_area_adj:0 "matamba"
 ngonde_area:0 "Ngonde"
 ngonde_area_adj:0 "ngonde"
 ngonde_area_name:0 "Ngonde"
 uticulo_makuana_area:0 "Makuana"
 uticulo_makuana_area_name:0 "Makuana"
 uticulo_makuana_area_adj:0 "makuana"
 ruvuma_area:0 "Ruvuma"
 ruvuma_area_name:0 "Ruvuma"
 ruvuma_area_adj:0 "ruvuma"
 thohoku_area:0 "Tohoku"
 thohoku_area_name:0 "Tohoku"
 thohoku_area_adj:0 "tohoku"
 hokuriku_area:0 "Hokuriku"
 hokuriku_name:0 "Hokuriku"
 hokuriku_adj:0 "hokuriku"
 kinai_area:0 "Kinai"
 kinai_area_name:0 "Kinai"
 kinai_area_adj:0 "kinai"
 kanto_area:1 "Kanto occcidental"
 kanto_area_name:0 "Kanto"
 kanto_area_adj:0 "kanto"
 saigoku_area:1 "Sanyodo"
 saigoku_area_name:0 "Saigoku"
 saigoku_area_adj:0 "saigoku"
 north_german_region:0 "Alemania septentrional"
 north_german_region_name:0 "Alemania septentrional"
 north_german_region_adj:0 "noralemán"
 south_german_region:0 "Alemania meridional"
 south_german_region_name:0 "Alemania meridional"
 south_german_region_adj:0 "sudalemán"
 ural_region:0 "Ural"
 ural_region_name:0 "Ural"
 ural_region_adj:0 "urálico"
 malaya_region:0 "Malaya"
 malaya_region_name:0 "Malaya"
 malaya_region_adj:0 "malayo"
 moluccas_region:0 "Molucas"
 moluccas_region_name:0 "Molucas"
 moluccas_region_adj:0 "moluco"
 java_region:0 "Java"
 java_region_name:0 "Java"
 java_region_adj:0 "javanés"
 guinea_region:0 "Guinea"
 guinea_region_name:0 "Guinea"
 guinea_region_adj:0 "guineano"
 niger_region:0 "Niger"
 niger_region_name:0 "Niger"
 niger_region_adj:0 "nigeriano"
 west_siberia_region:0 "Siberia Occidental"
 west_siberia_region_name:0 "Siberia Occidental"
 west_siberia_region_adj:0 "siberiano Occidental"
 east_siberia_region:0 "Siberia Oriental"
 east_siberia_region_name:0 "Siberia Oriental"
 east_siberia_region_adj:0 "oestesiberiano"
 upper_peru_region:0 "Alto Perú"
 upper_peru_region_name:0 "Bolivia"
 upper_peru_region_adj:0 "boliviano"
 quelimane_area:0 "Quelimane"
 quelimane_area_name:0 "Quelimane"
 quelimane_area_adj:0 "quelimane"
 southern_madagascar:0 "Sur de Madagascar"
 southern_madagascar_name:0 "Bara"
 southern_madagascar_adj:0 "bara"
 sakalava_area:0 "Sakalava"
 sakalava_area_name:0 "Sakalava"
 sakalava_area_adj:0 "sakalava"
 betsimasaraka_area:0 "Betsimasaraka"
 betsimasaraka_area_name:0 "Betsimasaraka"
 betsimasaraka_area_adj:0 "betsimasaraka"
 madagascar_highlands_area:0 "Tierras altas de Madagascar"
 madagascar_highlands_area_name:0 "Merina"
 madagascar_highlands_area_adj:0 "merina"
 bothnia_area:0 "Ostrobothnia"
 bothnia_area_name:0 "Botnia"
 bothnia_area_adj:0 "botnio"
 western_ireland_area:0 "Irlanda Occidental"
 western_ireland_area_name:0 "Munster"
 western_ireland_area_adj:0 "munsteriano"
 eastern_ireland_area:0 "Irlanda Oriental"
 eastern_ireland_area_name:0 "Leinster"
 eastern_ireland_area_adj:0 "leinsteriano"
 southern_jutland_area:0 "Sur de Dinamarca"
 southern_jutland_area_name:0 "Jutlandia"
 southern_jutland_area_adj:0 "juto"
 eastern_europe_superregion:0 "Europa del Este"
 eastern_europe_superregion_name:0 "Rus"
 eastern_europe_superregion_adj:0 "rus"
 tartary_superregion:0 "Tartaria"
 tartary_superregion_name:0 "Gran Tartaria"
 tartary_superregion_adj:0 "tártaro"
 far_east_superregion:0 "Extremo Oriente"
 far_east_superregion_name:0 "Extremo Oriente"
 far_east_superregion_adj:0 "extremooriental"
 oceania_superregion:0 "Oceanía"
 oceania_superregion_name:0 "Oceanía"
 oceania_superregion_adj:0 "oceánico"
 laponia_area:0 "Laponia"
 laponia_area_name:0 "Sapmi"
 lower_yik_area:0 "Bajo Yik"
 lower_yik_area_name:0 "Ryn"
 lower_yik_area_adj:0 "rynés"
 west_micronesia_area:0 "Micronesia Oeste"
 west_micronesia_area_name:0 "Palaos"
 west_micronesia_area_adj:0 "palauano"
 micronesia_area:1 "Micronesia Este"
 top_end_area:0 "Top End"
 top_end_area_area_name:0 "Australia"
 top_end_area_area_adj:0 "australiano"
 murray_river_area:0 "Río Murray"
 murray_river_area_name:0 "Wergaia"
 murray_river_area_adj:0 "wergaino"
 inner_ontario_area:0 "Ontario interior"
 inner_ontario_area_adj:0 "outoulibi"
 inner_ontario_area_name:0 "outoulibiano"
 samara_area:0 "Samara"
 samara_area_name:0 "Samara"
 samara_area_adj:0 "samarano"
 vogelkop_area:0 "Península de Vogelkop"
 vogelkop_area_name:0 "Vogelkop"
 vogelkop_area_adj:0 "vogelkopiano"
 papua_area:1 "Península de Papúa"
 eastern_polynesia_area:0 "Polinesia Oriental"
 eastern_polynesia_area_name:0 "Tahití"
 eastern_polynesia_area_adj:0 "tahitiano"
 northern_polynesia_area:0 "Polynesia Norte"
 northern_polynesia_area_name:0 "Hawái"
 northern_polynesia_area_adj:0 "hawaiano"
 kyzylkum_area:0 "Kyzylkum"
 kyzylkum_area_name:0 "Turkestán"
 kyzylkum_area_adj:0 "turquestano"
 mindanao_area:0 "Mindanao"
 mindanao_area_name:0 "Mindanao"
 mindanao_area_adj:0 "mindanaino"
 sakha_area:0 "Sakha"
 sakha_area_name:0 "Sakha"
 sakha_area_adj:0 "sajano"
 tsang_area:1 "U"
 tsang_area_name:1 "U"
 tsang_area_adj:1 "ui"
 utsang_area:2 "Tsang"
 diamantina_area:0 "Diamantina"
 diamantina_area_name:0 "Diamantina"
 diamantina_area_adj:0 "diamantino"
 iquitos_area:0 "Iquitos"
 iquitos_area_name:0 "Iquitos"
 iquitos_area_adj:0 "iquitoano"
 misiones_area:0 "Mesopotamia"
 misiones_area_name:0 "Misiones"
 misiones_area_adj:0 "misionero"
 west_sao_paolo_area:0 "Guayra"
 west_sao_paolo_area_name:0 "Guayra"
 west_sao_paolo_area_adj:0 "guayrano"
 ceara_area:0 "Ceará"
 ceara_area_name:0 "Ceará"
 ceara_area_adj:0 "cearano"
 ofaie_area:0 "Ofaie"
 ofaie_area_name:0 "Ofaie"
 ofaie_area_adj:0 "ofaieano"
 pontal_area:0 "Pontal"
 pontal_area_name:0 "Pontal"
 pontal_area_adj:0 "pontalí"
 piaui_area:0 "Piauí"
 piaui_area_name:0 "Piauí"
 piaui_area_adj:0 "piauí"
 amapa_area:0 "Amapá"
 amapa_area_name:0 "Amapá"
 amapa_area_adj:0 "amapano"
 patagonian_andes:0 "Andes patagónicos"
 patagonian_andes_name:0 "Chubut"
 patagonian_andes_adj:0 "chubutense"
 bahia_blanca_area:0 "Bahía Blanca"
 bahia_blanca_area_name:0 "Candelaria"
 bahia_blanca_area_adj:0 "candelariano"
 nehuenken_area:0 "Neheunken"
 nehuenken_area_name:0 "Nehuenken"
 nehuenken_area_adj:0 "nehuenkeño"
 jujuy_area:0 "Jujuy"
 jujuy_area_name:0 "Jujuy"
 jujuy_area_adj:0 "jujeño"
 potosi_area:0 "Potosí"
 potosi_area_name:0 "Potosí"
 potosi_area_adj:0 "potosino"
 suriname_area:0 "Surinam"
 suriname_area_name:0 "Suriname"
 suriname_area_adj:0 "surinamés"
 maracaibo_area:0 "Maracaibo"
 maracaibo_area_name:0 "Maracaibo"
 maracaibo_area_adj:0 "maracaibero"
 peruan_coast:0 "Costa peruana"
 peruan_coast_name:0 "Nazca"
 peruan_coast_adj:0 "nazqueño"
 moxos_area:0 "Moxos"
 moxos_area_name:0 "Moxos"
 moxos_area_adj:0 "moxano"
 maine_area:0 "Maine"
 maine_area_name:0 "Maine"
 maine_area_adj:0 "mainés"
 iroquoisia_area:1 "Iroquoisia"
 south_iroquoisia_area:0 "Iroquoisia Sur"
 south_iroquoisia_area_name:0 "Seneca"
 south_iroquoisia_area_adj:0 "senecano"
 carolinas_area:1 "Carolina del Norte"
 south_carolina_area:0 "Carolina del Sur"
 south_carolina_area_name:0 "Santee"
 south_carolina_area_adj:0 "santeano"
 upper_american_georgia_area:0 "Alta Georgia"
 upper_american_georgia_area_name:0 "Coosa"
 upper_american_georgia_area_adj:0 "coosa"
 north_florida_area:0 "Florida Norte"
 north_florida_area_name:0 "Timucua"
 north_florida_area_adj:0 "timucuano"
 south_appalachia_area:0 "Apalachia Sur"
 south_appalachia_area_name:0 "Tennessee"
 south_appalachia_area_adj:0 "tenesiano"
 appalachia_area:1 "Apalachia Norte"
 miami_river_area:0 "Miami"
 miami_river_area_name:0 "Miami"
 miami_river_area_adj:0 "miamense"
 mississippi_plain_area:0 "Llanuras del Misisipi"
 mississippi_plain_area_name:0 "Cahokia"
 mississippi_plain_area_name_adj:0 "cahokiano"
 wisconsin_area:0 "Wisconsin"
 wisconsin_area_name:0 "Wisconsin"
 wisconsin_area_adj:0 "wisconsinita"
 central_plains_area:0 "Llanuras centrales"
 central_plains_area_name:0 "Pawnee"
 central_plains_area_adj:0 "pawnee"
 south_dakota_area:2 "Minesota"
 south_dakota_area_name:0 "Iowa"
 south_dakota_area_adj:0 "iowano"
 coastal_prarie_area:0 "Pradera costera"
 coastal_prarie_area_name:0 "Atakapa"
 coastal_prarie_area_adj:0 "atakapano"
 cuba_area:1 "Cuba Oeste"
 east_cuba_area:0 "Cuba Este"
 east_cuba_area_name:0 "Baracoa"
 east_cuba_area_adj:0 "baracoano"
 lucayan_area:0 "Archipiélago de las Lucayas"
 lucayan_area_name:0 "Bahamas"
 lucayan_area_adj:0 "bahameño"
 mississippi_region_name:1 "Misisipi"
 mississippi_region_adj:1 "misisipiano"
 choctaw_area:0 "Choctaw"
 choctaw_area_name:0 "Choctaw"
 choctaw_area_adj:0 "choctaw"
 vastra_gotaland_area:0 "Västra Götaland"
 vastra_gotaland_area_adj:0 "skaran"
 vastra_gotaland_area_name:0 "Skaraborg"
 ostra_svealand_area:0 "Östra Svealand"
 ostra_svealand_area_name:0 "Dalecarlia"
 ostra_svealand_area_adj:0 "dalecarliano"
 baltic_islands_area:0 "Islas Bálticas"
 baltic_islands_area_name:0 "Baltia"
 baltic_islands_area_adj:0 "báltico"
 north_karelia:0 "Carelia del Norte"
 north_karelia_adj:0 "olonetiano"
 north_karelia_name:0 "Olonets"
 subarctic_islands_area_name:0 "Feroes"
 greenland_area:0 "Groenladia"
 greenland_area_name:0 "Groenladia"
 greenland_area_adj:0 "groenlandés"
 iceland_area:0 "Islandia"
 iceland_area_name:0 "Islandia"
 iceland_area_adj:0 "islandés"
 pomerelia_area:0 "Pomerelia"
 pomerelia_area_name:0 "Pomerelia"
 pomerelia_area_adj:0 "pomereliano"
 samogitia_area:0 "Samogitia"
 samogitia_area_name:0 "Samogitia"
 samogitia_area_adj:0 "samogitio"
 braunschweig_area:0 "Brunswick"
 braunschweig_area_name:0 "Brunswick"
 braunschweig_area_adj:0 "brunswiqués"
 southern_transylvania_area:0 "Transilvania del Sur"
 southern_transylvania_area_name:0 "Kiralyföld"
 southern_transylvania_area_adj:0 "kirali"
 rascia_area:0 "Rascia"
 rascia_area_name:0 "Rascia"
 rascia_area_adj:0 "rascio"
 albania_area:0 "Albania"
 albania_area_name:0 "Albania"
 albania_area_adj:0 "albano"
 odishi_area:0 "Odishi"
 odishi_area_name:0 "Imericia"
 odishi_area_adj:0 "imericiano"
 eastern_mediterrenean_islands_area:0 "Islas del Mediterráneo Oriental"
 eastern_mediterrenean_islands_area_name:0 "Rodas"
 eastern_mediterrenean_islands_area_adj:0 "rodés"
 sarat_area:0 "Sarata"
 sarat_area_name:0 "Sarata"
 sarat_area_adj:0 "sarata"
 pirate_coast_area:0 "Costa Pirata"
 pirate_coast_area_adj:0 "baniyasí"
 pirate_coast_area_name:0 "Bani Yas"
 tabuk_area:0 "Tabuk"
 tabuk_area_name:0 "Tabuk"
 tabuk_area_adj:0 "tabuquí"
 dhofar_area:0 "Dhofar"
 dhofar_area_name:0 "Dhofar"
 dhofar_area_adj:0 "dhofarí"
 hautes_plaines_area:0 "Llanuras altas"
 hautes_plaines_area_name:0 "Titteri"
 hautes_plaines_area_adj:0 "titteri"
 ouled_nail_area:0 "Ouled Nail"
 ouled_nail_area_name:0 "Ouled Nail"
 ouled_nail_area_adj:0 "oulednailí"
 djerba_area:0 "Yerba"
 djerba_area_name:0 "Yerba"
 djerba_area_adj:0 "yerbano"
 western_morocco_area:0 "Gharb"
 western_morocco_area_name:0 "Safí"
 western_morocco_area_adj:0 "safí"
 southern_morocco_area:0 "Sur de Marruecos"
 southern_morocco_area_name:0 "Saadia"
 southern_morocco_area_adj:0 "saadiano"
 bunyoro_area:0 "Bunyoro"
 bunyoro_area_name:0 "Bunyoro"
 bunyoro_area_adj:0 "bunyoro"
 chokwe_area:0 "Chokwe"
 chokwe_area_name:0 "Chokwe"
 chokwe_area_adj:0 "chokwe"
 butua_area:0 "Butua"
 butua_area_name:0 "Butua"
 butua_area_adj:0 "butuano"
 shire_area:0 "Shire"
 shire_area_name:0 "Malaui"
 shire_area_adj:0 "malauí"
 mombasa_area:0 "Mombasa"
 mombasa_area_name:0 "Mombasa"
 mombasa_area_adj:0 "mombasa"
 east_african_islands_area:0 "Islas del África Oriental"
 east_african_islands_area_name:0 "Kilwa"
 east_african_islands_area_adj:0 "kilwa"
 sennar_area:0 "Sennar"
 sennar_area_name:0 "Sennar"
 sennar_area_adj:0 "sennar"
 dongola_area:0 "Dongola"
 dongola_area_name:0 "Dongola"
 dongola_area_adj:0 "dongola"
 aussa_area:0 "Aussa"
 aussa_area_name:0 "Aussa"
 aussa_area_adj:0 "aussa"
 damot_area:0 "Damot"
 damot_area_name:0 "Damot"
 damot_area_adj:0 "damot"
 shewa_area:0 "Shewa"
 shewa_area_name:0 "Shewa"
 shewa_area_adj:0 "shewa"
 bete_amhara_area:1 "Bete Amhara"
 jolof_area:0 "Wólof"
 jolof_area_name:0 "Wólof"
 jolof_area_adj:0 "wólof"
 jenne_area:0 "Djenné"
 jenne_area_name:0 "Djenné"
 jenne_area_adj:0 "djenné"
 katsina_area:0 "Katsina"
 katsina_area_name:0 "Katsina"
 katsina_area_adj:0 "katsina"
 zazzau_area:0 "Zaria"
 zazzau_area_name:0 "Zaria"
 zazzau_area_adj:0 "zaria"
 east_azbin_area:0 "Azbin Oriental"
 east_azbin_area_name:0 "Azbin"
 east_azbin_area_adj:0 "azbin"
 benin_area:0 "Benín"
 benin_area_name:0 "Benín"
 benin_area_adj:1 "beninés"
 persian_gulf_coast:0 "Costa del Golfo"
 persian_gulf_coast_name:0 "Ormuz"
 persian_gulf_coast_adj:0 "ormuzí"
 tabriz_area:0 "Tabriz"
 tabriz_area_name:0 "Tabriz"
 tabriz_area_adj:0 "tabrizlí"
 karenni_area:0 "Kayah"
 karenni_area_name:0 "Kayah"
 karenni_area_adj:0 "kaya"
 arakan_area:0 "Rakáin"
 arakan_area_name:0 "Arakán"
 arakan_area_adj:0 "arakanés"
 malacca_area:0 "Malaca"
 malacca_area_name:0 "Malaca"
 malacca_area_adj:0 "malaco"
 north_tenasserim_area:0 "Tenasserim del Norte"
 north_tenasserim_area_name:0 "Ratchaburi"
 north_tenasserim_area_adj:0 "ratchaburí"
 red_river_delta_area:0 "Río Rojo"
 red_river_delta_area_name:0 "Vietnam"
 red_river_delta_area_adj:0 "vietnamita"
 vietnam_area_adj:0 "tonquinés"
 batak_area:0 "Batak"
 batak_area_name:0 "Batak"
 batak_area_adj:0 "batako"
 minangkabau_area:0 "Minangkabau"
 minangkabau_area_name:0 "Minangkabau"
 minangkabau_area_adj:0 "minangkabaun"
 indonesian_islands_area:0 "Islas de Indonesia"
 indonesian_islands_area_name:0 "Islas de Indonesia"
 indonesian_islands_area_adj:0 "indonesio"
 spice_islands_area:0 "Islas Molucas"
 spice_islands_area_name:0 "Tidore"
 spice_islands_area_adj:0 "tidorés"
 ceram_area:0 "Ceram"
 ceram_area_name:0 "Ceram"
 ceram_area_adj:0 "ceramés"
 timor_area:0 "Timor"
 timor_area_name:0 "Timor"
 timor_area_adj:0 "timorense"
 south_sulawesi_area:0 "Célebes del Sur"
 south_sulawesi_area_name:0 "Macasar"
 south_sulawesi_area_adj:0 "macasar"
 amnok_area:0 "Yalu"
 amnok_area_name:0 "Yalu"
 amnok_area_adj:0 "yalu"
 east_china_sea_islands_area:0 "Islas del Mar de la China Oriental"
 east_china_sea_islands_area_name:0 "Ryuku"
 east_china_sea_islands_area_adj:0 "ryukués"
 kolyma_area:0 "Kolymá"
 kolyma_area_name:0 "Kolymá"
 kolyma_area_adj:0 "kolymá"
 sanindo_area:0 "San'indo"
 sanindo_area_name:0 "San'indo"
 sanindo_area_adj:0 "san'indo"
 kara_area:0 "Kara"
 kara_area_name:0 "Kara"
 kara_area_adj:0 "kara"
 syr_darya_area:0 "Sir Daria"
 syr_darya_area_name:0 "Daria"
 syr_darya_area_adj:0 "dariano"
 east_heilongjiang_area:0 "Heilongjiang Oriental"
 east_heilongjiang_area_name:0 "Yeren"
 east_heilongjiang_area_adj:0 "yerenés"
 central_jilin_area:1 "Ilin Hala Sur"
 central_jilin_area_name:0 "Ilan Hala"
 central_jilin_area_adj:0 "ilanhalano"
 eastern_mongolia:0 "Mongolia Oriental"
 eastern_mongolia_name:0 "Jirem"
 eastern_mongolia_adj:0 "jiremés"
 central_mongolia_area:1 "Gobi"
 central_mongolia_area_name:0 "Qaraqorum"
 central_mongolia_area_adj:0 "qaraqorumí"
 sayan_area:0 "Sayan"
 sayan_area_name:0 "Sayan"
 sayan_area_area:0 "sayano"
 kashgaria_area:0 "Kashgaria"
 kashgaria_area_name:0 "Kashgaria"
 kashgaria_area_adj:0 "kashgariano"
 north_zungaria:1 "Zungaria del Norte"
 north_zungaria_name:0 "Urzhar"
 north_zungaria_adj:0 "urzharí"
 south_hebei_area:0 "Hebei del Sur"
 south_hebei_area_name:0 "Hejian"
 south_hebei_area_adj:0 "hejiano"
 south_jiangsu_area:0 "Jiangsu del Sur"
 south_jiangsu_area_name:0 "Nanjing"
 south_jiangsu_area_adj:0 "nanjing"
 south_anhui_area:0 "Anhui de Sur"
 south_anhui_area_name:0 "Anqing"
 south_anhui_area_adj:0 "anqing"
 west_guangdong_area:0 "Cantón Occidental"
 west_guangdong_area_name:0 "Limchow"
 west_guangdong_area_adj:0 "limchowés"
 yun_gui_borderland_area:0 "Frontera de Yun-Gui"
 yun_gui_borderland_area_name:0 "Dali"
 yun_gui_borderland_area_adj:0 "dalíano"
 chuannan_area:0 "Chuannan"
 chuannan_area_name:0 "Chuannan"
 chuannan_area_adj:0 "chuannán"
 hunan_area:0 "Hunan"
 hunan_area_name:0 "Hunan"
 hunan_area_adj:0 "de Hunan"
 north_henan_area:0 "Henan del Norte"
 north_henan_area_name:0 "Kaifeng"
 north_henan_area_adj:0 "de Kaifeng"
 west_gansu_area:0 "Gansu Occidental"
 west_gansu_area_name:0 "Yumén"
 west_gansu_area_adj:0 "de Yumén"
 sao_tome_area:0 "Sao Tome"
 sao_tome_area_name:0 "Sao Tome"
 sao_tome_area_adj:0 "santotomense"
 limpopo_area:0 "Natal"
 limpopo_area_name:0 "Natal"
 limpopo_area_adj:0 "natalense"
 laponia_area_adj:0 "sami"
 basque_country:0 "Vasconia"
 basque_country_name:0 "Euskal Herria"
 basque_country_adj:0 "vasco"
 top_end_area_name:0 "Australia"
 top_end_area_adj:0 "australiano"
 arabian_sea_islands_area:0 "Islas del Mar Arábigo"
 arabian_sea_islands_area_name:0 "Socotra"
 arabian_sea_islands_area_adj:0 "socotrí"
 ad_dahna_area:0 "ad-Dahna"
 ad_dahna_area_name:0 "Arabia"
 ad_dahna_area_adj:0 "arábigo"
 northern_kyushu:0 "Kyushu Norte"
 northern_kyushu_adj:0 "hizeno"
 northern_kyushu_name:0 "Hizen"
 eastern_kanto_area:0 "Kanto oriental"
 eastern_kanto_area_name:0 "Hitachi"
 eastern_kanto_area_adj:0 "hitachino"
 shikoku_area:0 "Shikoku"
 shikoku_area_name:0 "Shikoku"
 shikoku_area_adj:0 "shikokuano"
 hokuriku_area_name:0 "Hokuriku"
 hokuriku_area_adj:0 "hokurikuano"
 east_yucatan_area:0 "Yucatán Este"
 east_yucatan_area_name:0 "Cocomes"
 east_yucatan_area_adj:0 "cocomesano"
 central_heilongjiang_area:0 "Heilongjiang central"
 central_heilongjiang_area_adj:0 "aiguní"
 central_heilongjiang_area_name:0 "Aiguno"
 ningguta_area:0 "Ningguta"
 ningguta_area_adj:0 "ninggutano"
 ningguta_area_name:0 "Ningguta"
 uliastai_area:0 "Uliastai"
 uliastai_area_adj:0 "uliastaino"
 uliastai_area_name:0 "Uliastai"
 tannu_uriankhai_area:0 "Tannu Uriankhai"
 east_altishahr_area:0 "Altishahr Este"
 east_altishahr_area_adj:0 "qarqaní"
 east_altishahr_area_name:0 "Qarqan"
 turpan_kumul_area:0 "Turpan-Kumul"
 turpan_kumul_area_adj:0 "hamiano"
 turpan_kumul_area_name:0 "Hamian"
 chuanbei_area:0 "Chuanbei"
 chuanbei_area_adj:0 "langzhongí"
 chuanbei_area_name:0 "Langzhong"
 assiniboia_area:0 "Assiniboia"
 assiniboia_area_name:0 "Nakoda"
 assiniboia_area_adj:0 "nakodano"
 maryland_area:0 "Maryland"
 maryland_area_name:0 "Piscataway"
 maryland_area_adj:0 "piscatawayo"
 straits_of_georgia_area:0 "Estrechos de Georgia"
 straits_of_georgia_area_name:0 "Shishalh"
 straits_of_georgia_area_adj:0 "shishalano"
 east_alaska_area:0 "Alaska suroeste"
 east_alaska_area_name:0 "Tlingit"
 east_alaska_area_adj:0 "tlingitano"
 shanshan_area:0 "Shanshan"
 shanshan_area_adj:0 "shanshaniano"
 shanshan_area_name:0 "Shanshan"
 western_korea_area:0 "Corea Occidental"
 western_korea_area_name:0 "Gyeonggi"
 western_korea_area_adj:0 "gyeonggino"
 hamgyeong_area:0 "Hamgyeong"
 hamgyeong_area_name:0 "Hamgyeong"
 hamgyeong_area_adj:0 "hamgyeongano"
 pyongan_area:0 "Pyongan"
 pyongan_area_name:0 "Pyongan"
 pyongan_area_adj:0 "pyongano"
 eastern_korea_area:0 "Corea Oriental"
 eastern_korea_area_name:0 "Gyeongsang"
 eastern_korea_area_adj:0 "gyeongsangano"
 minsk_area:0 "Minsk"
 minsk_area_adj:0 "minskeño"
 minsk_area_name:0 "Minsk"
 tver_area:0 "Tver"
 tver_area_adj:0 "tverano"
 tver_area_name:0 "Tver"
 yaroslavl_area:1 "Yaroslavl"
 yaroslavl_area_name:1 "Yaroslavl"
 yaroslavl_area_adj:0 "yarloslavlano"
 vladimir_area:0 "Vladimir"
 vladimir_area_name:0 "Vladimir"
 vladimir_area_adj:0 "vladimirano"
 oka_area:0 "Oka"
 oka_area_name:0 "Tula"
 oka_area_adj:0 "tulano"
 arkhangelsk_area:0 "Arcángel"
 arkhangelsk_area_name:0 "Arcángel"
 arkhangelsk_area_adj:0 "arcangelino"
 vologda_area:0 "Vologda"
 vologda_area_name:0 "Vologda"
 vologda_area_adj:0 "vologdano"
 volga_area:0 "Volga"
 volga_area_name:0 "Bolgaria"
 volga_area_adj:0 "bolgaro"
 yamamah_area:0 "Al-Yamama"
 yamamah_area_name:0 "Najd"
 yamamah_area_adj:0 "najdí"
 qasim_area:0 "Al-Qasim"
 qasim_area_name:0 "Qasim"
 qasim_area_adj:0 "qasimí"
 southern_najd_area:0 "Najd Sur"
 southern_najd_area_name:0 "Yamama"
 southern_najd_area_adj:0 "yamamí"
 mahra_area:0 "Mahra"
 mahra_area_name:0 "Mahra"
 mahra_area_adj:0 "mahrí"
 upper_yemen_area:0 "Alto Yemen"
 upper_yemen_area_name:0 "Saná"
 upper_yemen_area_adj:0 "saní"
 tihama_al_yemen_area:0 "Tihama al-Yemen"
 tihama_al_yemen_area_name:0 "Zabid"
 tihama_al_yemen_area_adj:0 "zabidí"
 asir_area:0 "Asir"
 asir_area_name:0 "Mikhlaf"
 asir_area_adj:0 "mikhlafí"
 mecca_area:0 "Meca"
 mecca_area_name:0 "Meca"
 mecca_area_adj:0 "mequí"
 medina_area:0 "Medina"
 medina_area_name:0 "Medina"
 medina_area_adj:0 "medinés"
 nafud_area:0 "An Nafud"
 nafud_area_name:0 "Shamar"
 nafud_area_adj:0 "shamarí"
 trans_jordan_area:0 "Transjordania"
 trans_jordan_area_name:0 "Jordania"
 trans_jordan_area_adj:0 "jordano"
 mascat_area:0 "Muscat"
 mascat_area_name:0 "Muscat"
 mascat_area_adj:0 "muscatí"
 shahrizor_area:0 "Shahrizor"
 shahrizor_area_name:0 "Shahrizor"
 shahrizor_area_adj:0 "sharizorí"
 cukurova_area:0 "Chukoruva"
 cukurova_area_name:0 "Chukoruva"
 cukurova_area_adj:0 "chukoruvano"
 syrian_desert_area:0 "Desierto sirio"
 syrian_desert_area_name:0 "Palmira"
 syrian_desert_area_adj:0 "palmirano"
 khuzestan_area:0 "Juzestán"
 khuzestan_area_name:0 "Juzestán"
 khuzestan_area_adj:0 "juzestaní"
 kartli_kakheti_area:0 "Kartli-Kajeti"
 kartli_kakheti_area_name:0 "Kartli-Kajeti"
 kartli_kakheti_area_adj:0 "kartlikajetino"
 samtskhe_area:0 "Samtsje"
 samtskhe_area_name:0 "Samtsje"
 samtskhe_area_adj:0 "samtsjés"
 imereti_area:0 "Imereti"
 imereti_area_name:0 "Imereti"
 imereti_area_adj:0 "imeretino"
 aegean_archipelago_area:0 "Archipiélago Egeo"
 aegean_archipelago_area_name:0 "Naxos"
 aegean_archipelago_area_adj:0 "naxo"
 germiyan_area:0 "Germiyan"
 germiyan_area_name:0 "Germiyan"
 germiyan_area_adj:0 "germiyaní"
 ankara_area:0 "Ankara"
 ankara_area_name:0 "Ankara"
 ankara_area_adj:0 "angorense"
 gulf_of_arabia_area:0 "Colinas del Mar Rojo"
 gulf_of_arabia_area_name:0 "Suez"
 gulf_of_arabia_area_adj:0 "suezí"
 al_wahat_area:0 "Al-Wahat"
 al_wahat_area_name:0 "Al-Wahat"
 al_wahat_area_adj:0 "alwahatí"
 delta_area:0 "Delta"
 delta_area_name:0 "Rashid"
 delta_area_adj:0 "rashidí"
 bahari_area:0 "Bahari"
 bahari_area_name:0 "Bahari"
 bahari_area_adj:0 "baharí"
 vostani_area:0 "Vostani"
 vostani_area_name:0 "Vostani"
 vostani_area_adj:0 "vostaní"
 said_area:0 "Said"
 said_area_name:0 "Said"
 said_area_adj:0 "saidí"
 birjand_area:0 "Birjand"
 birjand_area_name:0 "Birjand"
 birjand_area_adj:0 "birjandí"
 herat_area:0 "Herat"
 herat_area_name:0 "Herat"
 herat_area_adj:0 "heratí"
 mashhad_area:0 "Mashhad"
 mashhad_area_name:0 "Jorasán"
 mashhad_area_adj:0 "jorasaní"
 termez_area:0 "Khuttalán"
 termez_area_name:0 "Khuttalán"
 termez_area_adj:0 "khuttalaní"
 mogostan_area:0 "Mogostán"
 mogostan_area_name:0 "Mogostán"
 mogostan_area_adj:0 "mogostaní"
 west_mindanao_area:0 "Mindanao Oeste"
 west_mindanao_area_name:0 "Maguindanao"
 west_mindanao_area_adj:0 "maguindanaense"
 visayas_area:0 "Bisayas"
 visayas_area_name:0 "Bisayas"
 visayas_area_adj:0 "bisayo"
 palawan_area:0 "Palawan"
 palawan_area_name:0 "Palawan"
 palawan_area_adj:0 "palahueño"
 southern_luzon_area:0 "Luzón sur"
 southern_luzon_area_name:0 "Manila"
 southern_luzon_area_adj:0 "manileño"
 eastern_chubu_area:0 "Chubu Este"
 eastern_chubu_area_name:0 "Suruga"
 eastern_chubu_area_adj:0 "suruga"
 poitou_area:0 "Poitou"
 poitou_area_name:0 "Poitou"
 poitou_area_adj:0 "pictón"
 champagne_area:0 "Champaña"
 champagne_area_name:0 "Champaña"
 champagne_area_adj:0 "champañés"
 holland_area:0 "Holanda"
 holland_area_name:0 "Holanda"
 holland_area_adj:0 "holandés"
 ile_de_france_area:0 "Île-de-France"
 ile_de_france_area_name:0 "París"
 ile_de_france_area_adj:0 "parisino"
 kingdom_of_the_isles_area:0 "Las islas"
 kingdom_of_the_isles_area_name:0 "Man"
 kingdom_of_the_isles_area_adj:0 "manés"
 east_midlands_area:0 "East Midlands"
 east_midlands_area_name:0 "Mercia"
 east_midlands_area_adj:0 "merciano"
 west_midlands_area:0 "West Midlands"
 west_midlands_area_name:0 "Lincolnshire"
 west_midlands_area_adj:0 "linconiano"
 yorkshire_area:0 "Yorkshire"
 yorkshire_area_name:0 "York"
 yorkshire_area_adj:0 "yorquino"
 scottish_marches_area:0 "Marcas escocesas"
 scottish_marches_area_name:0 "Marcas"
 scottish_marches_area_adj:0 "marqués"
 home_counties_area:0 "Londrés"
 home_counties_area_name:0 "Anglia"
 home_counties_area_adj:0 "anglo"
 munster_area:0 "Munster"
 munster_area_name:0 "Munster"
 munster_area_adj:0 "munsteriano"
 connacht_area:0 "Connacht"
 connacht_area_name:0 "Connacht"
 connacht_area_adj:0 "connachtiano"
 ulster_area:0 "Ulster"
 ulster_area_name:0 "Ulster"
 ulster_area_adj:0 "ultoniano"
 leinster_area:0 "Leinster"
 leinster_area_name:0 "Leinster"
 leinster_area_adj:0 "leinsteriano"
 gaur_area:0 "Gaur"
 gaur_area_name:0 "Gaur"
 gaur_area_adj:0 "gaurí"
 sind_sagar_area:0 "Sind Sagar"
 sind_sagar_area_name:0 "Kokharia"
 sind_sagar_area_adj:0 "kojarí"
 mithila_area:0 "Mithila"
 mithila_area_name:0 "Mithila"
 mithila_area_adj:0 "mithila"
 baghelkhand_area:0 "Baghelkhand"
 baghelkhand_area_name:0 "Baghelkhand"
 baghelkhand_area_adj:0 "baghelkandí"
 malabar_area:0 "Malabar"
 malabar_area_name:0 "Malabar"
 malabar_area_adj:0 "malabar"
 upper_mahanadi_area:0 "Alto Mahanadi"
 upper_mahanadi_area_name:0 "Sambalpur"
 upper_mahanadi_area_adj:0 "sambalpurí"
 bundelkhand_area:0 "Bundelkhand"
 bundelkhand_area_name:0 "Bundelkhand"
 bundelkhand_area_adj:0 "bundeljkandí"
 tripura_area:0 "Tripura"
 tripura_area_name:0 "Tripura"
 tripura_area_adj:0 "tripura"
 gird_area:0 "Gird"
 gird_area_name:0 "Gird"
 gird_area_adj:0 "girdi"
 ahmednagar_area:0 "Ahmednagar"
 ahmednagar_area_name:0 "Ahmednagar"
 ahmednagar_area_adj:0 "ahmednagarí"
 patan_area:0 "Patan"
 patan_area_name:0 "Patan"
 patan_area_adj:0 "patán"
 khandesh_area:0 "Khandesh"
 jangladesh_area:0 "Jangladesh"
 jangladesh_area_name:0 "Bikaner"
 jangladesh_area_adj:0 "bikanerí"
 khandesh_area_name:0 "Khandesh"
 khandesh_area_adj:0 "khandesí"
 baisi_rajya_area:0 "Baisi Rajya"
 baisi_rajya_area_name:0 "Jumbla"
 baisi_rajya_area_adj:0 "jumbla"
 bhutan_area:0 "Bután"
 bhutan_area_name:0 "Bután"
 bhutan_area_adj:0 "butanés"
 katehar_area:0 "Katehar"
 katehar_area_name:0 "Rohilkhand"
 katehar_area_adj:0 "rohilkhandí"
 northern_sindh_area:0 "Sindh Norte"
 northern_sindh_area_name:0 "Khairpur"
 northern_sindh_area_adj:0 "khairpurí"
 tanjore_area:0 "Tanjore"
 tanjore_area_name:0 "Tanjore"
 tanjore_area_adj:0 "tanjore"
 kongu_area:0 "Kongu"
 kongu_area_name:0 "Kongu"
 kongu_area_adj:0 "kongano"
 south_carnatic_area:0 "Carnatic Sur"
 south_carnatic_area_name:0 "Arcot"
 south_carnatic_area_adj:0 "arcotí"
 north_carnatic_area:0 "Carnatic Norte"
 north_carnatic_area_name:0 "Kosta"
 north_carnatic_area_adj:0 "kosta"
 berar_area:0 "Berar"
 berar_area_name:0 "Berar"
 berar_area_adj:0 "berarí"
 golconda_area:0 "Telangana Sur"
 golconda_area_name:0 "Golconda"
 golconda_area_adj:0 "golcondano"
 raichur_doab_area:0 "Raichur Doab"
 raichur_doab_area_name:0 "Raichur"
 raichur_doab_area_adj:0 "raichurí"
 south_lanka_area:0 "Lanka Sur"
 south_lanka_area_name:0 "Kotte"
 south_lanka_area_adj:0 "kotte"
 ahmedabad_area:0 "Ahmedabad"
 ahmedabad_area_name:0 "Ahmedabad"
 ahmedabad_area_adj:0 "ahmedabadí"
 ngari_area:0 "Ngari"
 ngari_area_name:0 "Guge"
 ngari_area_adjective:0 "gugés"
 central_burma_area:0 "Birmania Central"
 central_burma_area_name:0 "Birmania Central"
 central_burma_area_adj:0 "centrobirmano"
 chindwin_area:0 "Chindwin"
 chindwin_area_name:0 "Chindwin"
 chindwin_area_adj:0 "chindwin"
 deccan:0 "Decán"
 gujarat:0 "Gujarat"
 lahore:0 "Lahore"
 burma:0 "Birmania"
 central_poland_area:0 "Polonia central"
 central_poland_area_name:0 "Polonia central"
 central_poland_area_adj:0 "centropolaco"
 sandomierz_area:0 "Sandomierz"
 sandomierz_area_name:0 "Sandomierz"
 sandomierz_area_adj:0 "sandomiro"
 kuyavia_area:0 "Cuyavia"
 kuyavia_area_name:0 "Cuyavia"
 kuyavia_area_adj:0 "cuyavio"
 podlasie_area:0 "Podlaquia"
 podlasie_area_name:0 "Podlaquia"
 podlasie_area_adj:0 "podlaco"
 volhynia_area:0 "Volinia"
 volhynia_area_name:0 "volinia"
 volhynia_area_adj:0 "volinio"
 chernigov_area:0 "Chernígov"
 chernigov_area_name:0 "Chernígov"
 chernigov_area_adj:0 "chernigovita"
 galicia_area:0 "Galicia"
 galicia_area_name:0 "Galicia"
 galicia_area_adj:0 "gallego"
 baleares_area:0 "Baleares"
 baleares_area_name:0 "Baleares"
 baleares_area_adj:0 "balear"
 barbary_coast:0 "Costa de Berbería"
 barbary_coast_area:0 "Costa de Berbería"
 barbary_coast_adj:0 "berberisco"
 rio_grande_region:0 "Río Grande"
 rio_grande_region_name:0 "Río Grande"
 rio_grande_region_adj:0 "riograndino"
 guatemala_lowlands_area:0 "Tierras bajas de Guatemala"
 guatemala_lowlands_area_adj:0 "petenero"
 guatemala_lowlands_area_name:0 "Tierras bajas de Guatemala"
 campeche_area:0 "Campeche"
 campeche_area_adj:0 "campechano"
 campeche_area_name:0 "Campeche"
 mixteca_area:0 "Mixteca"
 mixteca_area_adj:0 "mixteco"
 mixteca_area_name:0 "mixteca"
 tierra_caliente_area:0 "Tierra Caliente"
 tierra_caliente_area_adj:0 "terracalentino"
 tierra_caliente_area_name:0 "Tierra Caliente"
 guanajuato_area:0 "Guanajuato"
 guanajuato_area_adj:0 "guanajuatense"
 guanajuato_area_name:0 "Guanajuato"
 huasteca_area:0 "Huasteca"
 huasteca_area_adj:0 "huasteco"
 huasteca_area_name:0 "Huasteca"
 zacatecas_area:0 "Zacatecas"
 zacatecas_area_adj:0 "zacateca"
 zacatecas_area_name:0 "Zacatecas"
 nayarit_area:0 "Nayarit"
 nayarit_area_name:0 "Nayarit"
 nayarit_area_adj:0 "nayarita"
 chihuahua_area:0 "Chihuahua"
 chihuahua_area_adj:0 "chihuahuense"
 chihuahua_area_name:0 "Chihuahua"
 pecos_area:0 "Pecos"
 pecos_area_adj:0 "pecoso"
 pecos_area_name:0 "Pecos"
 sonora_area:0 "Sonora"
 sonora_area_adj:0 "sonorense"
 sonora_area_name:0 "Sonora"
 northern_california_area:0 "California Norte"
 northern_california_area_adj:0 "norcaliforniano"
 northern_california_area_name:0 "California Norte"
 cordillera_occidental_area:0 "Cordillera Occidental"
 cordillera_occidental_area_adj:0 "occidental"
 cordillera_occidental_area_name:0 "Cordillera Occidental"
 colombian_amazonas_area:0 "Amazonas colombiano"
 colombian_amazonas_area_adj:0 "amazonense"
 colombian_amazonas_area_name:0 "Amazonas colombiano"
 central_llanos_area:0 "Llanos Centrales"
 central_llanos_area_adj:0 "llanero central"
 central_llanos_area_name:0 "Llanos Centrales"
 dominica_area:0 "Dominica"
 dominica_area_adj:0 "dominiqués"
 dominica_area_name:0 "Dominica"
 puebla_area:0 "Puebla"
 puebla_area_name:0 "Puebla"
 puebla_area_adj:0 "poblano"
 apacheria_area:0 "Apachería"
 apacheria_area_adj:0 "apachero"
 apacheria_area_area:0 "Apachería"
 costa_rica_area:0 "Costa Rica"
 costa_rica_area_name:0 "Costa Rica"
 costa_rica_area_adj:0 "costarricense"
 crimea_area_adj:0 "crimeo"
 bogota_area_adj:0 "bogotano"
 mississippi_plain_area_adj:1 "ugakhpa"
 tannu_uriankhai_area_name:0 "Tannu Urianjái"
 tannu_uriankhai_area_adj:0 "tannu urianjái"
